seq,source,pred
APGW,0,0.000194689433556
ILME,0,0.0992474928498
PGLW,0,0.00574938813224
VGSE,0,0.00949134398252
AETF,1,0.000374635535991
ALPF,1,0.434913605452
AVPW,1,0.0738502964377
CSAR,1,0.843851864338
DRVY,1,0.000685854174662
GFEP,1,0.000451263418654
IETD,1,0.00186564365868
LWCF,1,0.0199565012008
PGVY,1,0.000405922386562
PVYI,1,0.166788876057
SPTF,1,0.000930475769565
SWFP,1,0.143981218338
VSKF,1,0.00148231768981
ACSAG,0,0.219766393304
FITVH,0,0.482470244169
FPPWL,0,0.0392393432558
IEFFA,0,0.00993690732867
LPLRF,0,0.808603703976
QFYRF,0,0.00546350842342
QLGLW,0,0.0327897183597
RYLPT,0,0.647032916546
VRDFV,0,0.000588070659433
YGGFL,0,0.000287567789201
ALASK,1,0.530526995659
CTPSR,1,0.425805956125
DGYMP,1,0.000362689024769
ERGMT,1,0.00017297930026
FLAYK,1,0.419167488813
FRYLG,1,0.330377131701
IVYPW,1,0.0229091141373
KPSLL,1,0.0708044469357
LEFQG,1,0.10607881099
LVFFA,1,0.606394588947
MNYDI,1,0.0913301333785
NSTLQ,1,0.2240562886
QGHGE,1,0.0289084445685
RGPGC,1,0.00845922436565
SGKVL,1,0.0011976971291
VAFRS,1,0.699736654758
VTSFA,1,0.0579651407897
YDKPH,1,0.0151221901178
YIYTQ,1,0.166866376996
YVVFL,1,0.20611768961
IPALK,2,0.990014135838
KLPVT,2,0.975457370281
VPALK,2,0.991972744465
VPTLK,2,0.994294345379
VQPSLG,-1,0.00364122749306
DIEQPL,0,0.000693199690431
FSQAQG,0,0.0188577882946
GSPMFV,0,0.000615546421614
KPEWRL,0,0.025458170101
LPPWIG,0,0.0479389987886
NPTNLH,0,0.00963926594704
PTFIRF,0,0.177405059338
QKIGLW,0,0.00565358623862
QSPGLW,0,0.00157095200848
SPYDFI,0,0.00143262755591
YGWMDF,0,0.00278820446692
AILSST,1,0.193843051791
APAKFC,1,0.021342119202
ATPFQE,1,0.00395505409688
DDIVPC,1,0.000153916043928
EFPDFP,1,0.00331289693713
EPGGSR,1,0.000444993143901
EVTSII,1,0.00310553307645
GDVIEV,1,0.000400551361963
GPGRAF,1,0.00317968893796
GSDPWK,1,0.000524882867467
HAGPIA,1,0.000421043747338
IIHFGS,1,0.00230789463967
KKETWV,1,0.00171190639958
LEACAF,1,0.000179983340786
LVHSSN,1,0.00167528295424
MQSTPL,1,0.00161567283794
NLLQKK,1,0.66904681921
PKIDNP,1,0.0312166959047
PPKRIA,1,0.130781754851
PTSPSY,1,0.000705362297595
RKIYAF,1,0.00827075727284
RRETQV,1,0.00119577569421
SDESKG,1,0.000121648918139
SHTLPC,1,0.0205865968019
SSTNVG,1,0.000327621935867
TASNPK,1,0.0307130366564
TKCVFM,1,0.000979875330813
TNEFYF,1,0.00030248996336
TPPSPF,1,0.00149588438217
VQIVYK,1,0.13779078424
YDQIII,1,0.000296092737699
FIRIGC,2,0.0508305691183
TWLKYH,2,0.575287640095
WAQVVSQ,-1,0.00169954181183
ARPVKEP,0,0.173485457897
CVLYPWC,0,0.0393053144217
DQVKIVL,0,0.00158926390577
FTPNWGT,0,0.00313734146766
GGSQFNG,0,5.48010029888e-05
GQTFVRF,0,0.000427227903856
KPNFIRF,0,0.00762752443552
LTFTPAW,0,0.237874254584
NPFHAWG,0,0.0156686101109
PMSMLRL,0,0.00510718207806
QDPFLRF,0,8.97548743524e-05
QLLGGRF,0,0.0063321958296
RSRIGLW,0,0.0264095291495
SDPFLRF,0,9.56645599217e-05
SLNMSRL,0,0.0207191500813
SSERWAP,0,0.000426666199928
VPPIGWF,0,0.0910197868943
YAFDVVG,0,0.00122135423589
YGGFMRF,0,0.000144691497553
AAWLFEA,1,0.00368006341159
AKASQAA,1,0.0304724965245
ATWLPPR,1,0.351417541504
CPWQPWC,1,0.203715309501
DLSLEDF,1,0.00349047384225
DSVISLS,1,0.00163466727827
EDIYYLD,1,6.89507942297e-05
ELDKHAS,1,0.000506711599883
ELEKWAS,1,0.000229879035032
EQDKWAS,1,0.000161705887876
FNELSHL,1,0.000866427610163
FTLDADF,1,0.0103227896616
GGYMLGS,1,0.000191390048712
GNNQQNY,1,0.00323979184031
GYLLGSA,1,0.0575031749904
INPYLYP,1,0.0401508249342
LNFPISP,1,0.441137760878
MIHFGND,1,0.000740081246477
NNFGAIL,1,0.000176504137926
NVGSNTY,1,0.000263648777036
PEYLGLD,1,0.000623810396064
PTSSEQI,1,0.0135304294527
RQMSFRL,1,0.00325841247104
SECTTPC,1,0.000371759058908
SRGTQTE,1,0.0055476971902
SWFQTDL,1,0.0446358323097
TGWETWV,1,0.00227091670968
TYKFFEQ,1,0.000614688848145
VVKVDSV,1,0.0125695848837
YPFVEPI,1,0.00513533363119
MIIYRDL,2,0.910878896713
AGAKFIRF,0,0.0153371244669
AGPYSFGL,0,0.0026005175896
APSDFMRF,0,0.0163022447377
ARGYDFGL,0,0.014242191799
ASPSFIRF,0,0.00676530599594
CSTCLDKP,0,0.161689832807
DPAFNSWG,0,0.00119057099801
DRLYSFGL,0,0.000631310569588
DVPGVLRF,0,0.00421699881554
EIPGVLRF,0,0.00416138395667
GADFYSWG,0,0.000951485300902
GCPWEPWC,0,0.0677383765578
GDRNFLRF,0,0.00198149890639
GGPYSYGL,0,0.00527528114617
GLVSNLGI,0,0.012221599929
GPMTGLWG,0,0.00135112274438
GSYRMMRL,0,0.01339031104
KSAYMRFG,0,0.19917781651
LVPFRPRL,0,0.20811663568
MPGVLRFG,0,0.223523631692
NYYGWMDF,0,0.00483780540526
QKSSVLKL,0,0.0155856879428
QLNFTPWW,0,0.146710321307
QPPIGMWG,0,0.00143299123738
QVNFTPGW,0,0.00260565499775
RLEDPSMW,0,0.00287081790157
RVYDFGLG,0,0.0648192241788
SKMYGFGL,0,0.001956399763
SMPGVLRF,0,0.00183434365317
SPLGTMRF,0,0.00227683014236
SQPNFLRF,0,0.00153529632371
SVPGVLRF,0,0.00178090541158
TAEEREVM,0,0.000962250167504
TPLGTMRF,0,0.00224635121413
VPPGFTPF,0,0.000381120597012
YGGFMRGV,0,0.000234429142438
AANDENYA,1,0.0096592688933
ADKIDNLD,1,0.00353276357055
APALRVVK,1,0.245184540749
ARAASAPA,1,0.0146638425067
ARTKQTAA,1,0.0775939002633
ATVRTYSC,1,0.210079148412
DDEMTGYA,1,3.24625871144e-05
DNWQNGTS,1,0.0174793489277
DTEMEEVD,1,2.12821778405e-05
EEVQDTRL,1,0.00458564562723
ENQKEYFF,1,0.0283638555557
ETVRFQSD,1,0.0101113319397
GCPWDPWC,1,0.117607153952
GDEVKVFR,1,0.00156019639689
GLGKGGAY,1,0.0676736310124
GPTIEEVD,1,0.000301749940263
HPQQATDD,1,0.000810201338027
INFDFNTI,1,0.0748983696103
KENLESMV,1,0.0210800413042
LASLESQS,1,0.00975857116282
LPPEERLI,1,0.0138002661988
MEDTQAID,1,0.000272936595138
NLYPDLSE,1,0.00470396643505
PLFNFMGC,1,0.00161821499933
PQYEEIPI,1,0.0099966796115
QEEWETVM,1,0.000975620758254
QYKSILQE,1,0.0146781327203
REDQETAV,1,0.000175195731572
RGYVYMGL,1,0.000268976931693
RQANFLGK,1,0.00318171363324
RYPLTFGW,1,0.101912997663
SDPGSPFQ,1,0.000969599641394
SGLVPRGS,1,0.00391582166776
SIINFEKL,1,0.00914172362536
SLKLMTTV,1,0.24416179955
SRKIDNLD,1,0.0113423159346
STSPTFNK,1,0.00687836343423
SYSPTSPS,1,0.0141057772562
TKQEEFYA,1,0.000947559077758
VENKVTDL,1,0.00694295950234
VPLRPMTY,1,0.108087919652
YHSVVRYA,1,0.0719305202365
CHAIYPRH,2,0.110163986683
NKPILVFY,2,0.0160288251936
AAGKVEDSD,0,0.129312381148
ALMGFQGVR,0,0.00654219510034
APKPKFIRF,0,0.0453012026846
APPSDFMRF,0,0.00415929639712
APSGFMGMR,0,0.000262779329205
AQPSMRLRF,0,0.0648628175259
ARSYNFGLG,0,0.00131304422393
ASWASSVRF,0,0.0308760646731
AWQDLNAGW,0,0.00495780445635
CFIRNCPKG,0,0.00881571415812
CYFNNCPIG,0,0.000135402442538
CYINNCPLG,0,0.00691492995247
CYIQNCPVG,0,0.000246629206231
DGRMYSFGL,0,0.0003468778159
DRSDNFIRF,0,0.000866317655891
EGRMYSFGL,0,0.000335032935254
EPRLRFHDV,0,0.00370479677804
GDVPGVLRF,0,0.000952607428189
GGSMYSFGL,0,0.000148694714881
GPIPWQRRI,0,0.177894160151
GWRDLNGGW,0,0.0153883704916
HVRHFYGLM,0,0.0970415100455
KFCPEGKCV,0,0.00208397186361
LSSKFNFGL,0,0.0458641834557
MSNRGASLK,0,0.175583586097
NEESLFSGR,0,0.00126615550835
NYDKNFLRF,0,0.0106106614694
QIPGLGPLR,0,0.00539005873725
QLWAVGSLM,0,0.000261660723481
RCICTRGFC,0,0.0119148641825
RPAGFTPFR,0,0.000873917306308
RPPGWSPLR,0,0.00494111375883
SAPTEFERN,0,0.00599104352295
SGYLAFPRM,0,0.172702655196
SPHYDFGLG,0,0.00534004019573
SPYRTFAFA,0,0.0170095320791
STGSGYMRF,0,0.00133819773328
TPAEDFMRF,0,0.00107074517291
VGLLMFRYH,0,0.371513813734
VSHNNFLRF,0,0.0324638523161
YGGFLRKYP,0,0.00263059255667
ACGAATTCG,1,0.0177565198392
AIFQSSMTK,1,0.124495662749
ALWGFVPVL,1,0.0356341265142
APPPRPPKP,1,0.127289175987
ARGLTGRPG,1,0.0245627388358
ASDENMETM,1,0.00422579469159
ASNENAETM,1,0.00415928289294
ATAAATEAY,1,0.135106250644
AWRHPQFGG,1,0.0181314256042
CINGMCWTV,1,0.00339479302056
CLGGLLTMV,1,0.023338958621
CTSEEMNAF,1,0.000905130058527
DDWNWEMED,1,0.000117351533845
DGEEYDDPF,1,0.000838917389046
DSGFSFGSK,1,0.000392184680095
EEAGAAFSF,1,0.000158895578352
EEFGRAFSF,1,0.000887399248313
EEYLQAFTY,1,0.000101407873444
EIPVPVQPS,1,0.573282659054
ELPPVKIHC,1,0.238288477063
EVDPIGHLY,1,0.00086263398407
FAPGNWPAL,1,0.0108490549028
FAPSNYPAL,1,0.0109930485487
FLRGRAYVL,1,0.0171748008579
FQWMGYELW,1,0.00122784823179
GAVDPLLAL,1,0.0132297379896
GILGLVFTL,1,0.0108592612669
GLKEGIPAL,1,0.00195091112982
GPPLIPPPP,1,0.0292997583747
GSTAPPLPR,1,0.0797628685832
HGQWNKPSK,1,0.121987722814
IGPGRAFYA,1,0.00291945040226
ILAKFLHRL,1,0.223349511623
ILGPPGSVY,1,0.0680473968387
ILSALVGIV,1,0.000353712704964
IRAAPPPLF,1,0.0169589035213
KALYNFATM,1,0.10829988867
KAPYNFATM,1,0.0593715496361
KAVYNFATC,1,0.0375563688576
KGPANFATM,1,0.00558688538149
KLFSGELTK,1,0.316572993994
KLVQLLTTT,1,0.679032385349
KPIVVLHGY,1,0.00675798067823
KTTCNACHQ,1,0.371381163597
LACFVLAAV,1,0.13970258832
LGYGFVNYI,1,0.000238178647123
LLFGKPVYV,1,0.00338246673346
LLWNGPMAV,1,0.000459026981844
LPFDRTTIM,1,0.00293742422946
LPPLDITPY,1,0.0929814279079
LSPDSFLND,1,0.00201692036353
MCLRLTAVM,1,0.190678164363
MFSIDNILA,1,0.0360226593912
MPPPPSPCT,1,0.0603411197662
MWPVDPNIE,1,0.0341197289526
NHPMLMNLL,1,0.0101686669514
NLVPMVATV,1,0.00148947304115
NLVPTVATV,1,0.000540935783647
NWSHPQFEK,1,0.0249408259988
PEATAPPEE,1,0.0012758881785
PKLEPWKHP,1,0.00666953064501
PQIINRPQN,1,0.163259848952
PTFRSSLFL,1,0.103821218014
QATQEVKNW,1,0.00561597431079
QNGYENPTY,1,0.0121343145147
QVVPFSSSV,1,0.0261087361723
RFMDYWEGL,1,0.00095463701291
RPMTFKGAL,1,0.045329939574
RPQVPLRPM,1,0.146154105663
RRLPIFSRL,1,0.100097209215
SAEPVPLQL,1,0.118648439646
SEQVELEFD,1,0.000865730689839
SLEVTEADT,1,0.00181054405402
SLLMWITQC,1,0.0213321447372
SLYNTIATL,1,0.000310009549139
SPAPRPLDL,1,0.0545493327081
SRYWAIRTR,1,0.598183870316
STLRALLTN,1,0.384227246046
TGALQERSK,1,0.022596495226
TKNYKQTSV,1,0.229230925441
TPQDLNTML,1,0.183607831597
TYQRTRALV,1,0.141598299146
VLHDDLLEA,1,0.0200570169836
VMAPRTLVL,1,0.00250039994717
VPYMAEFGM,1,0.030155165121
VYGFVRACL,1,0.00330913974904
YKVRNVTLV,1,0.0801510512829
YLKEPVHGV,1,0.00940073374659
YPYDVPDYA,1,0.0500826574862
YYSIIPHSI,1,0.000393052003346
CRGDKGPDC,2,0.511576414108
MIAYRDLIS,2,0.997105777264
MIIYRDLAS,2,0.999398052692
RQIKIWFQN,2,0.989031374454
AADGAPLIRF,0,0.00226375833154
ADGRLYAFGL,0,0.0017030731542
AGGRQYGFGL,0,0.00255315657705
AKFDKFYGLM,0,0.00535591319203
APASGFFGMR,0,0.000689511361998
APKMGFFGAR,0,0.00480143493041
APSAGFMGMR,0,0.000245333241764
APSMGFQGMR,0,0.000319118553307
APVPGLSPFR,0,0.00732192816213
ASGLVAFPRV,0,0.14546020329
AYSNLNYLRF,0,0.0418868176639
DEGPKSDCKP,0,0.00234598456882
DRVYIHPFHL,0,0.000405316473916
DSDSAQNLIG,0,0.000335962395184
ELEDRSPRGP,0,0.00129313638899
GEGRLYGFGL,0,0.00036991466186
GFDLGGGGVG,0,0.00140916218515
GFELNGGGVG,0,0.000520673813298
GFNLNGGGVG,0,0.0104316920042
GFSLSGGGVG,0,0.0136315599084
GGARAFLTEM,0,0.000521137844771
GGKQDNFIRF,0,0.00276491884142
GLLSSLSSVA,0,0.00139922567178
GNQWAIGHFM,0,0.000586640380789
GRPSNNFVRF,0,0.000741704658139
GTMPTGGGVE,0,0.00443039834499
GYNLGGGGID,0,0.0100515205413
HKINSFVGLM,0,0.00214994116686
IDHFGFVGGL,0,0.00424434198067
KEGYLLGSRG,0,0.000490255886689
LDGYPLSKIN,0,0.0357599556446
LLPNLLKSLL,0,0.0398938879371
LVVYPWTQRF,0,0.00585095537826
MGQVFLLMPV,0,0.0222390219569
NNPNVFYPWG,0,0.00100629508961
PKARSGYIRF,0,0.0190249979496
QGRPPGPPIP,0,0.0117934765294
QHWSHGLNPG,0,0.00205642543733
QHWSYGLQPG,0,0.00680430792272
QHWSYGWLPG,0,0.00806161854416
QLTFTPNWGT,0,0.124592393637
QPEGFADVPG,0,0.000563316221815
QSVPTFTPRL,0,0.00147627107799
QVTFSRDWSP,0,0.0320732928813
RDEEVTQREE,0,0.000113314228656
RSRPYSFGLG,0,0.00439281389117
SIPSKDALLK,0,0.593431293964
SYSGYPVTQK,0,0.0336151085794
VPASGFFGMR,0,0.000939435616601
YDPAPPPPPP,0,0.0345912575722
YKSDSFYGLM,0,0.00116375496145
ADSNPIRPVT,1,0.00957432202995
AIAYFIPDQA,1,0.00087137502851
ALWGPDPAAA,1,0.00562250427902
ANSRKPTSII,1,0.0428535453975
ANSRWPKSII,1,0.148389205337
ANSRWQDTRL,1,0.356553286314
APQPAPENAY,1,0.00191205379087
ATSAKATQTD,1,0.186122998595
CGVPSFPPNL,1,0.00312167149968
CPAYSAYLDC,1,0.00215703179128
DDDMGFGLFD,1,1.86847082659e-05
DLDALLADLE,1,0.000751016486902
DNRLGLVYWF,1,0.00439136428759
DSRASTSSSS,1,0.00715400418267
EDASRMEEVD,1,1.14549366117e-05
EFRHDSGYEV,1,0.000348784466041
ELAGIGILTV,1,0.0434559546411
EPQYQPGENL,1,0.000397363881348
ETLLDLDFLE,1,0.00514851603657
FLPSDFFPSV,1,0.0186016540974
FYAPEPITSL,1,0.00099282420706
GAEVFYVDGA,1,0.000255339167779
GERTIPITRE,1,0.0234374012798
GKQNCLKLAT,1,0.0318802297115
GRPRTTSFAE,1,0.011068074964
GTSGSPIINR,1,0.00311514479108
GYDPATGTFG,1,0.0012172734132
HHTFEYGDGI,1,0.00571498228237
HRELGSPLKK,1,0.0069300159812
KARVLAEAMS,1,0.00159486883786
KKATQASQEY,1,0.0460826903582
KQWDNYEYIW,1,0.00349031854421
KSLLQQLLTE,1,0.0829941704869
LGASWHRPDK,1,0.357572704554
LLFNILGGWV,1,1.36469670906e-05
LYASPQLEGF,1,0.00309485103935
MLLSVPLLLG,1,0.28818359971
NALLRYLLDK,1,0.304071605206
NITQPTQQST,1,0.0138003295287
NYTPGPGIRF,1,0.0187584590167
PKRPTTLNLF,1,0.0155519926921
PQPEYVNQPD,1,0.00473178504035
QPPVPPQRPM,1,0.00673619704321
RAHSSPASLQ,1,0.00359366950579
RGPGRAFVTI,1,0.00736121600494
RPGNFFQNRP,1,0.00683147832751
RPGNFLQSSP,1,0.00368285109289
RQFGPDWIVA,1,0.0386710725725
RTYSGPMNKV,1,0.204696312547
RYPLTLGWCF,1,0.0780046507716
SGAKDSGSLR,1,0.139033690095
SKGKSSGAKS,1,0.0680463537574
SNWSHPQFEK,1,0.0101449694484
SRSTSPTFNK,1,0.026414712891
SSLENFAAYV,1,0.000229612982366
SYSPTSPSYS,1,0.00146364886314
TCRQSMCTAR,1,0.0380728691816
TLMTGQLGLF,1,0.00526227848604
TSTTSVASSW,1,0.00372961722314
VPPPRPPPPE,1,0.0309337973595
WMDFDDDIPF,1,0.00158575503156
YLDSGIHSGA,1,0.00275768339634
YPSKPDNPGE,1,0.329719692469
YYDPETGTWY,1,0.000269380776444
LIIFRILISH,2,0.982266485691
MIIYRAEISH,2,0.717097759247
NTGTWLKYHS,2,0.784316241741
QIISRDLISH,2,0.991764307022
YQKQAKIMCS,2,0.105871148407
AADISQWAGPL,0,0.00562222441658
AFDHYGFTGGL,0,0.00347422366031
APGDRIYVHPF,0,0.0160804260522
AVRSPSLRLRF,0,0.05182492733
CCYETPGCCVI,0,0.000188943507965
DSGEASGDLEE,0,3.102003393e-05
EFWSLAAPQRF,0,0.0599928945303
ETPDCFWKYCV,0,0.00212204293348
FDVVKHIASAV,0,0.00448703160509
GFDHYGFTGGI,0,0.0031118998304
GLDAYSFTGAL,0,0.00958102848381
GLTPNMNSLFF,0,0.00113374378998
GMDSLAFAGGL,0,0.0112171759829
GSSGLIPFGRT,0,0.000157859452884
GSTGLIPFGRP,0,0.000436547416029
ICCYPNEWCCD,0,0.00189552793745
KPNPERFYAPM,0,0.0121665932238
KPSPDRFYGLM,0,0.0143763097003
MGMRLPNIIFL,0,0.0260900482535
NPSVLHQPQRF,0,0.00960254576057
QADPNAFYGLM,0,0.0015261907829
QGGPPRPQIPP,0,0.00332292728126
QGRPPGPPIPP,0,0.00989963952452
QLDPMLFSGRL,0,0.0454751849174
QPNPDEFFGLM,0,0.00153307477012
QPSRIHHRSVK,0,0.131675645709
QQDYTGAHFDF,0,0.000513577309903
QSDDYGHMRFG,0,0.00315008382313
QVPQWAVGHFM,0,0.000390794331906
RPKPQQFFGLM,0,0.00130995549262
RPPGFTPFRKA,0,0.000810378405731
SCCPEEPCCFW,0,0.00068250001641
SFIKPNNVPRV,0,0.0884192809463
SLCCPEDAWCC,0,0.000748504186049
SPQEHRFSFGL,0,0.0049864188768
SVNTKNDFMRF,0,0.0313974320889
TTRPQPFNFGL,0,0.0040093800053
VPPGFTPFRQS,0,0.00016811270325
YFDSLAGQSLG,0,0.00524544576183
YVMGHFRWDKF,0,0.0215722303838
AAASLYEKKAA,1,0.0582001507282
AEPWTVRNEDL,1,0.0170591138303
ALDSDDEFVPY,1,0.00027785700513
ALLVTVALVLA,1,0.00236309901811
ATGGVKKPHRY,1,0.0731120035052
CKEWLSTAPCG,1,0.0148024260998
DAEFRHDSGYE,1,8.65900728968e-05
DDPTASACVLS,1,0.000392781337723
DFEEIPEEYLA,1,4.87304896524e-05
DNLYYWDQDPP,1,0.00054766680114
EDEEVDVTSVY,1,2.41739835474e-05
ELYPLTSLRSL,1,0.153220415115
EPLPQGQLTAY,1,0.00453430553898
FEFPPPPTDEE,1,0.00284580793232
FSIVGSLPRDC,1,0.000379745586542
GAVVTGVTAVA,1,0.00087259040447
GDFEEIPEEYL,1,1.34462525239e-05
GGGNHQHIGKP,1,0.0167970340699
GLLDALDLASK,1,0.00241640326567
GPQQSFPEQEA,1,2.00372451218e-05
GSARAEPKMSA,1,0.106075234711
HAKRKTVTSLD,1,0.0483660362661
HPVGEADYFEY,1,0.000645806081593
ILENLKDCGLF,1,0.00121027859859
ITFEDLLDYYG,1,0.0006919450243
KCPGRVVGGCK,1,0.00812325999141
KLKVLGDVIEV,1,0.00447195814922
KSLTIYAQVQK,1,0.0799498781562
LCTASIPPQCY,1,0.00230593490414
LQPFPQPELPY,1,0.0158677846193
LTSRDFGSWYA,1,0.00509564904496
NESVRYDATFP,1,0.0082777608186
PAAPRPPFSTM,1,0.0254185479134
PTGSSSTNPFR,1,0.0445374809206
PYVPVHFNASV,1,0.150221183896
QPQQSFPEQEA,1,3.80412639061e-05
RGAFQNLFQSV,1,0.00193524779752
RHSGSYLVTSV,1,0.00301267392933
RPKPQQFFGLM,1,0.00130995549262
SCTRSIPPQCY,1,0.00994756445289
SETELDLALGL,1,0.00360095663927
SHLKSKKGQST,1,0.189994975924
SLLVTAGLVLA,1,0.000171499908902
SWARVSKETPL,1,0.204894706607
TGKASQFFGLM,1,0.000769719074015
TKQTARKSTGG,1,0.0267135500908
TPDYELLTEND,1,0.00216247839853
VCCGYKLCHPC,1,0.23035633564
VGIGTPISFYG,1,0.000482993636979
WFEGYDNTFPC,1,0.00685312552378
YQGGGEEMALP,1,0.00875000283122
MIIYRDLISKK,2,0.998820483685
ACCSDRRCRWRC,0,0.288008272648
APNQPSDNMIRF,0,0.0684601962566
ASGGMRNALVRF,0,0.00813377182931
CCQIVPQCCEWN,0,0.00947003345937
DAEEPSAFMTRL,0,0.151845231652
DEKNYKMTHFRW,0,0.00274682673626
DHMSHDVYSPRL,0,0.00682595930994
DVPKSDQFVGLM,0,0.095179118216
FDIIKKVASVVG,0,0.049943909049
FLPIASLLGKYL,0,0.0732645615935
GCCSDPRCAWRC,0,0.0130610158667
GGGADCFWKYCI,0,0.00755068287253
GHRPLDKKREEA,0,0.0850024223328
GLLSVLGSVAKH,0,0.0533407740295
GSASGLISMPRV,0,0.00288901361637
GSSSGLISMPRV,0,0.00201011216268
GYRKPPFNGSIF,0,0.0369805432856
IKDRDYLGWMDF,0,0.0011776102474
ISDRDYMGWMDF,0,0.000538061372936
KYMMTHFRWDKF,0,0.297359764576
MCCLGTSGCCPW,0,0.00471306405962
PCCSGWCFFACA,0,0.0465956963599
QCCITIPECCRI,0,0.000574661360588
QGWAWPRPQIPP,0,0.320356398821
QWAQWPRPQIPP,0,0.517087996006
RLCRIVVIRVCR,0,0.390517443419
SCCPEEITCCPW,0,0.0260899960995
SIAIGRAGFRPG,0,0.2894500494
SMAIGRAGMRPG,0,0.140543296933
TGNNECFWKYCV,0,0.00935769174248
VVSVVPGAISHA,0,0.00212461012416
AHLENEVARLKK,1,0.0345818847418
APYCVYRGSWSC,1,0.0175206381828
ARTKQTARKSTY,1,0.221931755543
CPSQEPMSIYVY,1,0.0861045047641
CQFDYSTRRLKC,1,0.0786321684718
CSARGLENHAAC,1,0.0526907481253
DATYTWEHLAWP,1,0.152491107583
DGESTDEDDVVS,1,0.000127944309497
DNDYIIPLPDPK,1,0.304572612047
DWWPLAFEALLR,1,0.228536471725
EEKKGNYVVTDH,1,0.00064590369584
EIKLKITKTIQN,1,0.218443393707
ETFEHWWSQLLS,1,0.430557817221
EYEERESEFDIE,1,0.000179122449481
FNYESTNPFTAK,1,0.1547165066
GASSGPTIEEVD,1,0.00039829799789
GEKKGNYVVTSH,1,0.012487873435
GGYRARPAKAAT,1,0.149767130613
GQSPGFGQGGSV,1,0.0109113520011
GVCCGVSFCYPC,1,0.0481583625078
HEVPSGPNPSSN,1,0.00381843559444
HKKLLQLLTCSS,1,0.00910593289882
HSKRPLPPLPSL,1,0.469890117645
ITFEDLLDYYGP,1,0.0122315743938
KKAVWHKLLSKQ,1,0.535756528378
KRHSGSYLVTSV,1,0.0117434104905
LGTENLYFQSME,1,0.00179054529872
LTFEHYWAQLTS,1,0.106970466673
MTSFEDADTEET,1,0.0072980299592
NKPLPPLPLAGS,1,0.13762716949
NTTDTLFSQHYR,1,0.48256111145
PEAEGPTVEEVD,1,3.16820587614e-05
PPPRPTAPKPLL,1,0.0594213306904
QLEEQASRQISS,1,0.00175163999666
RHNWGQGFRLGD,1,0.07096657902
RLQAQRKFAQSQ,1,0.181534662843
SARWRFPARPGT,1,0.858616769314
SDSAFSRYYTRS,1,0.148674055934
SLGDNLTNHNLR,1,0.0334036014974
SQEKFFQELFDS,1,0.000430829939432
SVATVSESFLTE,1,0.0313463844359
TLLQLLLGHKNE,1,0.147630020976
TRTKIDWNKILS,1,0.393344730139
VATALNPDPSQK,1,0.109961085021
VSLARRPLPPLP,1,0.311392843723
WGENETDVMLLN,1,0.0674668699503
YEVPGPVPPRRR,1,0.138017728925
YVLWKRKRMIFI,1,0.40997120738
DITYRFRGPDWL,2,0.25030195713
FIIFRIAASHKK,2,0.998026192188
HPGSPFPPEHRP,2,0.000317737401929
LDITPFLSLTLP,2,0.486932069063
LIIFRILISHKK,2,0.998951256275
LTRNYEAWVPTP,2,0.778090715408
MIIFRIAASHKK,2,0.998830735683
MIIYRIAASHKK,2,0.998548030853
NSGTMQSASRAT,2,0.00383979803883
PSKRLLHNNLRR,2,0.856021463871
RIRMIQNLIKKT,2,0.390329033136
SHNWLPLWPLRP,2,0.354864358902
SSSIFPPWLSFF,2,0.0665078237653
TFPQTAIGVGAP,2,0.430978894234
VHLPPPVHLPPP,2,0.996491014957
WIIFKIAASHKK,2,0.997452557087
WIIFRIAAYHKK,2,0.998284161091
ADDYDDEVLPDAR,0,0.00074558891356
AGPAPSRLYSFGL,0,0.00370541308075
ALDTLGGFQVHGW,0,0.00842608790845
APSGAQRLYGFGL,0,0.00759993446991
CCKVQCESCTPCC,0,0.00778635405004
EADQDLSPSISIV,0,0.00162984337658
EELRPEVLPDVSE,0,0.00010234273941
FIGAIANLLSKIF,0,0.0053718672134
FISAIASFLGKFL,0,0.00314176897518
FLPFLASLLSKVL,0,0.00352175557055
FLPIIAKVLSGLL,0,0.00139920320362
FLPLFASLIGKLL,0,0.00087461998919
FLPLLFGAISHLL,0,4.91003884235e-05
FSGLMSEGSSLEA,0,0.00042109482456
GFKNVEMMTARGF,0,0.242489755154
GLFDIIKNIVSTL,0,0.0163723547012
IFGAIWNGIKSLF,0,0.0176216531545
ILPLVGNLLNDLL,0,0.000907831126824
KFDMVAYVSEEDS,0,0.00175311497878
LLPILGNLLNGLL,0,0.000497587316204
LSGAQYQQHGRAL,0,0.00480450084433
NEEEKVKWQPDVP,0,0.000351219176082
NGGTSGLFAFPRV,0,0.0455035381019
PFDRISSSAFSDF,0,0.0156923811883
PYDRISNSAFSDF,0,0.0142017146572
QEKPYWPPPIYPM,0,0.176421180367
QICSLNSINSMCK,0,0.0207749921829
QRLGHQWAVGHLM,0,0.0038828253746
QVDSLGGFQVHGW,0,0.00487536983564
RLHQNGMPFSPRL,0,0.374864250422
SAIDPNPDTPDSE,0,0.00251913024113
SGTGLSATLPQRF,0,0.041584726423
SSIQSLLNLSQRF,0,0.232692837715
SYAMEHFRWGKPV,0,0.0885443091393
TDTEFEAAGGGVR,0,0.00259035639465
VLPLISMALGKLL,0,0.00266934093088
YGGFLRRQFKVVT,0,0.115245647728
ADLIAYPKAATKF,1,0.0672804787755
AISPSKRARPAEV,1,0.243019387126
ARTKQTARKSTGG,1,0.180036142468
AVRGSIIANMLQE,1,0.0133196106181
CWTTRMSPPQQIC,1,0.451864719391
DEEALKQLAEWVS,1,0.000311713723931
DQTQKAAAELTFF,1,0.169820234179
DTEVYESPYADPE,1,0.00322765274905
ECCFPACGRHYSC,1,0.00205593300052
EEADDDMGFGLFD,1,2.52209138125e-05
ELLELDKWASLNW,1,0.0942348837852
EPGPYAQPSVNTK,1,0.00519411591813
FLPLIGRVLSGIL,1,0.000203093513846
FTVLRKLNLVPIK,1,0.769771099091
GCCSDVRCRYRCR,1,0.0866824910045
GHKILHRLLQDSS,1,0.0295420736074
GRAGPAGRGLVFR,1,0.0226481501013
HFVQQTPKSQPTL,1,0.20130443573
ILFPSSERLISNR,1,0.204223826528
KDHQLLRYLLDKD,1,0.00680611049756
KKMTFQTPTDPLE,1,0.241229251027
KSDAFSKYLWSSK,1,0.067951746285
LPEPAPQGQLTAY,1,0.0885996818542
LPEPLPQGQLTAY,1,0.138097286224
MALYSIYQPYVFA,1,0.0305131152272
NGDFEEIPEEYLQ,1,0.000117578420031
NPIFLNRTLSYMK,1,0.535009682178
PATLKICSWNVDG,1,0.103193841875
PPDHQYYNDFPGK,1,0.0064771506004
PVSVPYASAQSTS,1,0.294081866741
QNGYENPTYKFFE,1,0.00247736787423
QVIILNHPGQISA,1,0.0163743961602
RPEAPPSYAEVVT,1,0.191493034363
RWRSMTVVPYLED,1,0.0413087904453
SGSHKLVQLLTTT,1,0.105313070118
SLDGTGWNSFQSS,1,0.0541608817875
SPGSREWFKDMLS,1,0.00417170487344
STSRHKKLMFKTE,1,0.189636945724
SYWSRSTTTQTDM,1,0.352407544851
VARGWGRKCPLFG,1,0.0207852981985
VSPEPIYATIDDL,1,0.000125510487123
WRYYESSLEPYPD,1,0.13429158926
YRDDDEIDVVSPH,1,0.067930676043
GSPWGLQHHPPRT,2,0.031916949898
VIRVHFRLPVRTV,2,0.79625505209
MLVLGLLVAGAADG,-1,0.00152674631681
AFDSLAGSGFSGFD,0,0.00334168295376
AGCKNFYWKGLTSC,0,0.0246717110276
APKEFARFARASFA,0,0.185166880488
CCPGWELCCEWDEW,0,0.0125189982355
DRVYIHPFHLLVYS,0,0.185182571411
FDIVKKVVGALGSL,0,0.0100502660498
FLFPLITSFLSKVL,0,0.000988354557194
GDSEVPGMWFGPRL,0,0.00162408966571
GGDDQFDDYGHMRF,0,0.00149448867887
GLIDVRCYDSSQCE,0,0.00350328907371
GSNTGFNFKTLDKE,0,0.0165128801018
IKWKAILDAVKKVL,0,0.0237992480397
INLKAIAAMAKKLL,0,0.362874597311
INWKGIAAMAKKLL,0,0.283953666687
INWLKLGKMVIDAL,0,0.039717618376
KKDGYPIQENGCKY,0,0.000443251454271
MHSSALLCCLVLLT,0,0.000149832674651
NPRWEFRGKFVGVR,0,0.146675050259
QGMIGTLTSKRIKQ,0,0.0841538086534
QQRLGNQWAVGHLM,0,0.00143392942846
RVDSADESNDDGFD,0,0.00128171592951
SEHVEHQAEMHEHQ,0,0.000950047920924
SSSEQEEEDVRQVE,0,8.22871006676e-05
TEEGEFLHEGGGVR,0,3.9552909584e-05
WSKMDRLAKELTAE,0,0.0889036431909
YSDANELLFEVDGP,0,0.0318786613643
ADVTITVNGKVVAK,1,0.0124943181872
APLSPMSPPGYKLV,1,0.0312723591924
ASRPAILYALLSSS,1,0.00317281857133
DDLDALLADLESTT,1,0.000522587739397
DQAQGPPYPTYIPP,1,0.313216894865
EFSPENCQGESQPC,1,0.000465235934826
EHQTGSARSEGYYP,1,0.000424788653618
FVKTLTGKTITLEV,1,0.0100004784763
GFCQRSIPPICFPN,1,0.348162800074
GHDGLYQGLSTATK,1,0.00412657298148
GSDARFLRGYHLYA,1,0.0487254746258
HRYYESSLEPWYPD,1,0.142036452889
ITFLDLLLYYGKKK,1,0.551254570484
KEKHKILHRLLQDS,1,0.00837895367295
KIIDTGGGFILEEE,1,0.000933768518735
LERPSRDHLYLPLE,1,0.0263830572367
LQLTLGNSTITTQE,1,0.0128546049818
NFVSWHANRQLGMP,1,0.12359187752
PAETEYDSLYPEDD,1,0.000558965548407
PRLSYPTFFPRFEF,1,0.0646460428834
RCCHPQCGMAEECR,1,0.000904330809135
RKRIHIGPGRAFYT,1,0.135580316186
SPKPTCMVPPMPHS,1,0.0722229555249
TGLNPNAKVWQEIA,1,0.000407686689869
VEKKSLTIYAQVQK,1,0.0663536787033
VVQEALDKAREGRT,1,0.00975534226745
GACTKSIPPICFPD,2,0.808887422085
GRCTRSIPPKCWPD,2,0.0853672251105
RHNFRFFFNFRTNR,2,0.817162334919
MKALIFLAFLGAAVA,-1,0.000489696394652
MKFFLLLSLIGFCWA,-1,7.18077899364e-06
MKILILACLVALALA,-1,0.000762595562264
MKLLLALAGLLAPLA,-1,0.00661226222292
MKTFIFLALLGATVA,-1,0.000690136861522
MKWLLLLSLVALSEC,-1,4.74505395687e-05
MNPLLILAFLGAAVA,-1,0.00500335358083
MRLLILTCLVAVALA,-1,5.26439944224e-05
MWCIVLFSLLAWVYA,-1,0.000228788121603
AFDTVSTSGFDDFKL,0,0.000632526876871
ALLHHGLNCAKGVLA,0,0.0419320464134
CCPGWELCCEWDDGW,0,0.0152453146875
CCSWDVCDHPSCTCC,0,0.0138261364773
DGRCCHPACAKHFNC,0,0.000394412199967
ECCNPACGRHYSCGK,0,0.00844012852758
EIPVCIWKVCPPIPW,0,0.197927609086
FSQAQGKVDMPLPRQ,0,0.229132249951
GIGFAKPFEKLINPK,0,0.00281987176277
GLLDVVGNVLHSLGL,0,0.000116159666504
GPWQEEDAAYGWMDF,0,3.48295907315e-05
HIGPNPVYSAVSNTD,0,0.00638078479096
KCTGPWAIHACGGGN,0,0.0783107578754
LKNTSRGSSGNKNYR,0,0.310496866703
MCKVLIFSCLSVLML,0,0.00186113792006
NGRCCHPACARKYNC,0,0.108795650303
NYKDDCGPGGCGSHA,0,0.0124877439812
PNYERMAGSRFNFGL,0,0.00281450129114
QDILWEEADETVADE,0,1.57046415552e-05
RKRHPDCDKAADTRI,0,0.275892525911
SDNNQQGKSAQQGGY,0,0.00407186290249
SIGSAIRKAIPIAKK,0,0.0476370491087
SPLDEEDFAPESPLQ,0,4.59998263977e-05
TGPSASSGLWFGPRL,0,0.00267873541452
YGGFIRKPDKNKFLN,0,0.00308496202342
ADGQESTPPTPAPTS,1,0.0600339956582
AEEPSLLKKLLLAPA,1,0.0417058765888
APATGGVKKPHRYRP,1,0.140677347779
ARTKQTARKSTGGKA,1,0.218505978584
ATEQEITYAELNLQK,1,0.00434475159273
CFRARGYGFRGPGLC,1,0.10655695945
DELERRIRELEARIK,1,0.00636805640534
DNGIDDAYFLEATED,1,4.31811749877e-05
EEEYMPMEDLYLDIL,1,1.88544054254e-05
ELESPPPPYSRYPMD,1,0.212278053164
EVHHQKLVFFAEDVG,1,0.000814025232103
GEDDGDYESPNEEEE,1,9.55210339271e-07
GHCIPTTSGPICLRD,1,0.00259398412891
GSLLRVQAHIRKKMV,1,0.533317029476
ILWRQDIDLGVSREV,1,0.191912248731
KENALLRYLLDKDDT,1,0.00481587694958
KETAAAKFERQHLDS,1,0.00075879477663
KETAAAKVERQHLDS,1,0.000597183068749
KMRMATPLLMQALPM,1,0.164493247867
KWKLFKKIGAVLKVL,1,0.274067401886
LPQDRGFLVVQGDPR,1,0.00236186082475
MIRLNLLPKNLRRRV,1,0.812847077847
NTGRTEAWKVLSPQG,1,0.518213093281
PMTLPENYFSERPYH,1,0.00694293482229
PVSKMRMATPLLMQA,1,0.274715960026
QLATKAARKSAPATG,1,0.140907332301
RHKILHRLLQEGSPS,1,0.0112312994897
RPDFCLEPPYTGPCK,1,0.0201208051294
SAPATGGVKKPHRYR,1,0.161497071385
SIGKAFKILGYPDYD,1,0.156366527081
SNLNPNAKEFVPGVK,1,0.0457374118268
SQETFSDLWKLLPEN,1,0.0236654859036
STASTVEYSTVVHSG,1,0.178216651082
TSKGLFRAAVPSGAS,1,0.0950170978904
VFPWHSLVPFLAPSQ,1,0.821687996387
VQYLTRSAIRRASTI,1,0.313956737518
YLKEVDQLRLERLQI,1,0.0161489881575
FLGKKFKKYFLQLLK,2,0.432261347771
ISFDELLDYYGESGS,2,0.00012805951701
KLWMRWYSPWTRRYG,2,0.999519050121
MAARLCCQLDPARDV,2,0.63269585371
RILQQLLFIHFRIGC,2,0.952047109604
RLLMRLYSPTTRRYG,2,0.998146116734
RLWMRWASPTTRRYG,2,0.999308764935
RLWMRWYSPTTARYG,2,0.997941195965
RLWMRWYSPWTRRWG,2,0.99955111742
VQAILRRNWNQYKIQ,2,0.336391359568
MALLILLFLLPSPLHS,-1,2.25298408623e-05
MFTIKLLLFIVPLVIS,-1,0.214781835675
MIRTLLLSALVAGALS,-1,0.000146772625158
MKLLLCLGLTLVCIHA,-1,0.000902500236407
MKRVLVLLLAVAFGHA,-1,3.99970886065e-05
MKWMVVALLCLPLLEA,-1,0.00043680719682
MLGITVFTTFLAYASS,-1,0.0172791387886
MLLWMVLLLCVSMTEA,-1,1.68409842445e-05
MLRFLVFASLVLYGHS,-1,0.000529300887138
MPSPLPVSFLLFLTLV,-1,0.003814592259
MRIAVICFCLLGIASA,-1,0.000187358280527
MTTLLWVFVTLRVITA,-1,0.015840401873
MWSGWWLWPLVAVCTA,-1,0.000687359832227
RLNLVFLVLILKGVQC,-1,0.00444495165721
ADTGEGDFLAEGGGVR,0,0.000769598409534
ALNSVAFERSAMQNYE,0,0.00518666068092
CCNCSSKWCRDHSRCC,0,0.10232128948
DGKLYKMTHFRWSEGS,0,0.00851785484701
EEYKIGHFRWGSPLKD,0,0.0171442572027
GCCSDPRCNYDHPEIC,0,0.00398283265531
GCCSLPPCAANNPDYC,0,0.0140188969672
GDDCELCVNVACTGCS,0,0.000160857525771
GIVEQCCHNPCSLYQL,0,0.00160749407951
GLFDIIKKVASVVGGL,0,0.00313081219792
GLFDVIKKVASVIGGL,0,0.00219381903298
GNVVINGDCKYCNVHG,0,0.00033269947744
KCCMRPICTCPCCIGP,0,0.077517144382
LENPSPQAPARRLLPP,0,0.0212389659137
MDVTRLLLATLVGFLC,0,0.0078003029339
PVSSARQTGSRFNFGL,0,0.0248010586947
QGPWLEEEEAYGWMDF,0,1.60662948474e-05
RCCKFPCPDSCRYLCC,0,0.0701825991273
SETGNTVTVKGFSPLR,0,0.0148933939636
SMDDLDDPRLMTMSFG,0,0.0789279788733
TKATEGEFLAEGGGVR,0,0.00797350984067
TPSLSSLGESLESGIS,0,0.00509153492749
VDPGESTFIDEGATGR,0,0.000832843186799
ADSVIKSDFSSLKLDV,1,0.00577772594988
ALVFFAEDAAIIGLAV,1,0.000649712805171
AQKLVFFAAAIIGLMV,1,0.0182359497994
ATGYRQSPDGACSVPS,1,0.203908383846
AYLLFYTEAKVTATVK,1,0.00514477258548
CKRIHIGPGRAFYTTC,1,0.265319854021
DDGLDEAFSRLAQSRT,1,0.0011316240998
EGDIPAIYRYGLEGLL,1,0.000226788441068
ERHKILHRLLQEGSPS,1,0.000557744002435
GAMGPGVSLLGAPPKD,1,0.00755836395547
GCYPVPYPPFFTCDPN,1,0.00997070036829
GKFIPSRPAPKPPSSA,1,0.0363357998431
GPQEPEPPEPFEYIDD,1,5.66138951399e-05
GSASQGTKRSYEQMET,1,0.00446034828201
GSLQPLALEGSLQKRG,1,0.0050395061262
IGCWTKSIPPRPCFVK,1,0.157594934106
KMRIPNYQLSPTKLPS,1,0.24542838335
LPHLQRQSPDGQSFRS,1,0.094094991684
MARTKQTARKSTGGKA,1,0.270848095417
MLARRKPVLPALTINP,1,0.149832502007
NWWDITNWLWYIKKKK,1,0.650146722794
PSYSPTSPSYSPTSPS,1,0.0281053334475
REDDIGNYTCELKYGG,1,0.000855559308548
RLQERRGSNVALMLDC,1,0.000572864024434
SAVLQKKITDYFHPKK,1,0.0820412784815
SNRRVYKKMPSIESDV,1,0.03973435238
STIDFLDRAIFDGAST,1,0.00392569229007
TGERGRWQVWGLAKRC,1,0.0161037240177
TSPSYSPTSPSYSPTS,1,0.013195309788
VFENFLHNSIFVPRPE,1,0.313438594341
AAVALLPAVLLALLAK,2,0.906938016415
GKINLKALAALAKKIL,2,0.877066671848
RLPRPRPRPLPFPRPG,2,0.97593832016
MALLFLLPLVMQGVSRA,-1,1.87540354091e-05
MEKILILLLVALSVAYA,-1,2.16400858335e-05
MFHQVWAALLYLYGLLF,-1,0.00034204145777
MIMLLMVGMLMAPCVGA,-1,1.02355561467e-05
MKLVNIWLLLLVVLLCG,-1,6.28043426332e-06
MLAATVLTLALLGNAHA,-1,0.063177973032
MLLLLLLLLLGPGPGFS,-1,3.33043112732e-06
MLLPVPLLLGLVGLVAA,-1,0.000734086555894
MLPTAVLLVLAVSVVAR,-1,0.00735773378983
MPMLAFALSFYFSLSTA,-1,0.0270953029394
MRFLILFLTLSLGGIDA,-1,2.87367220153e-05
MRVILLLLTLDVLGVSS,-1,3.9729031414e-05
MVRKWALLLPMLLCGLT,-1,0.0042870589532
MWLQLLLLLLAPQGGHG,-1,0.00267934636213
MWPQLLLLLLAPRSGHG,-1,0.0731870010495
ADVPGNYPLDKNGNRYY,0,0.00143799523357
APEESPKRAPSGFLGVR,0,0.00231156870723
DAKYKFGHFRWSSPLKD,0,0.453748434782
DGSYKMKHFRWSSPPAG,0,0.116915367544
DIYLNVLKCYMLKIDNC,0,0.160516425967
DRMPCRNFFWKTFSSCK,0,0.187972322106
ECCSDPRCNSSHPELCG,0,0.00386436958797
FFSLIPSLIGGLVFAIK,0,0.00160934857558
FITLLLRKFICSITKKC,0,0.375614881516
FSEFMRQYLVLSMQSSQ,0,0.00345317577012
GCCPPQWCGPDCTSPCC,0,0.00129263743293
GGCCSHPACFASNPDYC,0,0.00222672685049
GGGGSGETSGMWFGPRL,0,0.0333816558123
GLLDFLKAAGKGLVTNL,0,0.0303513407707
GVGDLIRKAVSVIKNIV,0,0.00318418233655
GVLDAFRKIATVVKNVV,0,0.019661296159
INWKKIAEVGGKILSSL,0,0.116202287376
LRTNKGTHYQRMTRMSK,0,0.670369565487
MSLSPEPQLKGIVTKLE,0,0.0164434518665
PMVKKIIDNMLNKASAN,0,0.404989719391
QGPWMEEEEEAYGWMDF,0,2.70751229436e-06
QRPPMEEEEEAYGWMDF,0,1.01586801975e-05
SDPSVPVEPEDDDMVDQ,0,6.08650043432e-06
SNTALRRYNQWATGHFM,0,0.0267228614539
TAEALRCQENYLPSPCQ,0,0.0381897687912
VYCDMETDNGGWTLIQN,0,0.0364774800837
ACSRYEVDCRGRGSACG,1,0.328407555819
APVPSILKKILLEEPNS,1,0.00982399098575
DLEMLAPYIPMDDDFQL,1,0.00152476271614
EQKSDEETKKNAMKLIN,1,0.0014694161946
GHCIQVPPMATEICFSD,1,0.00276044383645
GSGEAEERIIVLSDSDY,1,0.00251892232336
HPPAIQSLINLLADNRY,1,0.0253922548145
KKTFKEVANAVKISASL,1,0.118837378919
LGKKPIYKKAPTNEFYA,1,0.0834356173873
LPLYTSPSLPNITLGLP,1,0.0105382464826
MSGGDDDWTHLSSKEVD,1,0.0153699936345
PLSQETFSDLWKLLPEN,1,0.0220979694277
RIIYDRKFLMECRNSPV,1,0.0169693101197
RRWPQLILDLHVRRVWR,1,0.521205484867
SEQKLISEEDLNHHHHH,1,0.000651622423902
SLTERHKILHRLLQEGS,1,0.00315326917917
SRCTSPGGSYGHLSIGT,1,0.0235040914267
STLNPNAKEFNPRSFSQ,1,0.0633749365807
TSPGGSYGHLSIGTMSP,1,0.00607549771667
VIRNKIRAIGKMARVFS,1,0.40725132823
ACHGRRWGCGRHRGRCG,2,0.707656800747
ACRGRGRGCGSGSRSCG,2,0.980083942413
ACSGRGRGCGSGSGSCG,2,0.955876588821
GLKKLAELFHKLLKLGC,2,0.988803684711
RAGLQFPVGRVHRLLRK,2,0.802215874195
LLLCVGLLLVLKHHDGAA,-1,0.0489899553359
MALHMILVMLSLLPLLEA,-1,0.00020878201758
MAPLLALFYLLQLGPGLA,-1,7.52598061808e-05
MDLWQLLLTVALAGSSDA,-1,0.00870481971651
MELLRGLGVLFLLHMCGS,-1,0.00536456285045
MFSTGTLLLAALISPALA,-1,0.00083047937369
MGLLIALALLCLFSLAEA,-1,5.4850577726e-05
MGTQEGWCLLLCLALSGA,-1,7.14175184839e-05
MKALIAALLLITLQYSCA,-1,0.00346690206788
MKALWALLLVPLLTGCLA,-1,1.19566102512e-05
MKCLLLALGLALACAAQA,-1,0.000349716632627
MKFFAVLLLASLAATSLA,-1,0.000249367178185
MKLAMVLMLVALPVYCSA,-1,0.000139780735481
MKLITILFLCSRLLPSLT,-1,0.00103585468605
MKLLLLLCLELTLVCVHA,-1,0.000128966130433
MKLVFLFLLVTIPICCYA,-1,3.87513609894e-05
MKPFVAIIFCFLILGVDS,-1,0.000112025874841
MKSVQFCFLFCCWKAVCC,-1,0.00063722836785
MKTLVLLLCFTLLWGCQS,-1,5.98735414314e-06
MKVLWAALLVTFLAGCQA,-1,0.000396957853809
MKWVTFISLLLLFSSAYS,-1,2.13705916394e-05
MLGVLVLGALALAGLGFP,-1,0.0521204657853
MLLLRWFTSCCLWVFGLG,-1,0.000437799637439
MLVVLLTAALLALSSAQG,-1,0.0196984354407
MNQLSFLLFLIATTRGWS,-1,0.000459067086922
MPPLWVVLALGCLRLGSG,-1,0.00225961674005
MQALLFLMALLLPSGAGA,-1,2.61348177446e-05
MRACISLVLAVLCGLAWA,-1,0.000197132758331
MRHLWLLLLSVSLVQTQA,-1,3.22295477417e-06
MRLLVLLWGCLLLPGYEA,-1,9.3931257652e-06
MRSAAVLALLLCAGQVIA,-1,2.2785830879e-05
MRVLILLCLFTAFPGILS,-1,6.27266899755e-07
MSLSAFTLFLALIGGTSG,-1,8.29874843475e-05
MWLCALALASLAACTAWG,-1,0.014420135878
MWLQILSLVLSVGRIDAA,-1,0.00820236466825
ADTNAPLCLCDEPGILGR,0,0.000402422010666
AQYTNHFVHSLDTLPLRF,0,0.121994636953
CCGVPNAACHPCVCTGKC,0,0.00296046049334
DDSSPGFFLKITKNVPRL,0,0.00242582173087
DEGPYRMEHFRWGSPPKD,0,0.00140517216641
DSGPYKMEHFRWGSPPKD,0,0.0160703156143
FLSIPHAINAVSTLVHHF,0,0.00751456385478
GERAPGSKKAPSGFLGTR,0,0.00409231008962
GKLQAFLAKMKEIAAQTL,0,0.0123613700271
GLLGPLLKIAAKVGSNLL,0,0.085994809866
GNNRPVYIPQPRPPHPRL,0,0.0827958509326
GSNKGFNFMVDMINALSN,0,0.00132266059518
HQLATKMINDFEDSLLPE,0,0.0015932143433
LDPSHRISDRDYMGWMDF,0,0.00256106816232
NIATMARLQSAPSTHRDP,0,0.661875426769
NSELINSILGLPKVMNEA,0,0.00699924118817
NSELINSLLSLPKNMNDA,0,0.0140840895474
RDPCCSNPVCTVHNPQIC,0,0.00028944623773
RGGRLCYCRPRFCVCVGR,0,0.0278667900711
RSNKGFNFMVDMIQALSK,0,0.0114349760115
SLAYDDKVFENVEFTPRL,0,0.00275498419069
SPGGAMAAGSITTLPALP,0,0.00800711754709
WLNALLHHGLNCAKGVLA,0,0.00796911120415
AKENALLRYLLDKDDTKD,1,0.0693232044578
APSGEGSFQPSQENPQGS,1,0.000780392205343
AYQQGQNQLYNELNLGRR,1,0.0110843852162
DDDRYLREAIQEYDNIAK,1,0.0013921429636
DPRIAARGRARLRAVGAI,1,0.2835739851
EQLLKALEFLLKELLEKL,1,0.167149484158
GAMKRHGLDNYRGYSLGN,1,0.281219631433
GGKGPIFETWVTEGNYYG,1,0.000281990942312
GLPIGWWIERPSGWYFPI,1,0.00254015973769
GQVTTESNLVEFDEESTK,1,9.4274408184e-05
GVARCVARRGVARCVARR,1,0.0459741503
HHHHHHHSSGLVPRGSHA,1,0.0133259892464
KACTLNCDPRIAYGVCPR,1,0.0125458426774
KKKLPATGDFMNMSPVGD,1,0.0125783830881
KQPPSNPPPRPPAEARKK,1,0.120336852968
LGKYEQYIKWPWYVWLGF,1,0.224554732442
LVVAASIIGILHLILWIL,1,0.00244284863584
PDYEPIRKGQRDLYSGLN,1,0.000860645610373
PPVIAPRPEHTKSIYTRS,1,0.0840783342719
QQYPSGEGSFQPSQENPQ,1,0.000886069436092
RKSIRIQRGPGRAFVTIG,1,0.18408434093
SGCFEDLAISASTSLGWG,1,0.011402814649
SSEKEYVEMLDRLYSKLP,1,0.000300525978673
TEKEKGRLHCVEWTILER,1,0.0029326332733
VEPQKFAEELIHRLEAVQ,1,0.000904503744096
WGGSATRELDELMASLSD,1,0.0101982960477
CSSLDEPGRGGFSSESKV,2,0.00456585036591
KIAAKSIAKIWKSILKIA,2,0.626425147057
KLALKLALKALQAALQLA,2,0.993265688419
KSHAHAQKRIRRRLIILL,2,0.267420500517
LKTLTETLKELTKTLTEL,2,0.134368672967
LLIALRRRIRKQAHAHSK,2,0.998823463917
LLIILRRRARKQAHAHSK,2,0.998570203781
LLIILRRRIRKQAHAHAK,2,0.999265670776
PKKKRKVWKLLQQFFGLM,2,0.772833645344
VKLPPPVKLPPPVKLPPP,2,0.996168911457
MAGSSLACCLLGLLALTSA,-1,0.000114111120638
MALMLVLLFLAAVLPPSLL,-1,5.44302383787e-06
MAPLRPLLMLALLAWVALA,-1,0.0051307445392
MAVLALLFCLATFPSCILS,-1,5.55519036425e-05
MAWQMTQLLLLALVAAAWG,-1,0.000234459803323
MDHKEVVLLLLLFLKSGLG,-1,0.000159886069014
MDWTWRILFLVAAATGAHS,-1,0.00871820002794
MEKLLWCLLIMISFSRTFG,-1,2.65739417955e-05
MERASCLLLLLLPLVHVSA,-1,9.63637648965e-06
MFSVRDLCLVLSLVGAIKT,-1,0.00146790815052
MGWRWIFLFLLSGTAGVHC,-1,5.99131744821e-05
MGWSCIMLFLAATATGVHS,-1,7.35339490348e-05
MHSFPPLLLLLFWGVVSHS,-1,7.90337162471e-06
MILFKQATYFISLFATVSC,-1,0.0143042234704
MKFFTVLLFVSLAATSLAL,-1,2.94130149996e-05
MKHSLNALLIFLIITSAWG,-1,9.32199982344e-05
MKLFIPALLFLGTLGLCLA,-1,4.27868035331e-05
MKLVFLVLLFLGALGLCLA,-1,1.29475245103e-06
MKSLILLAILAALAVVTLC,-1,3.84623235732e-05
MKSVQFCFLFCCWRAICCR,-1,0.00190332124475
MLHFLSMLVLLVQPLGDLG,-1,0.000109504784632
MLRTKDLIWTLFFLGTAVS,-1,0.000688507920131
MMKFTVVAAALLLLGAVRA,-1,0.0247798413038
MMSFVSLLVVGILFPAIQA,-1,0.00054336496396
MNFGLSLIFLVLILKGVQC,-1,3.16515943268e-05
MNLAISIALLLTVLQVSRG,-1,0.000161500371178
MPALGWAVAAILMLQTAMA,-1,0.00400675786659
MPPPALVLLLGFLCHVAIA,-1,2.01699240279e-05
MQGPWVLLLLGLRLQLSLG,-1,0.000292280659778
MRALLLLGFLLVSLESTLS,-1,3.74715727958e-06
MRFLTVAFLFLALSASALA,-1,0.000416607945226
MRLAVGALLVCAVLGLCLA,-1,7.34183486202e-05
MRLLWGLIWASSFFTLSLQ,-1,0.000490973761771
MSLWQPLVLVLLVLGCCFA,-1,5.46523233425e-06
MTTLLLVFVTLRVIAAVIS,-1,0.000447492580861
MVSPVLALFSAFLCHVAIA,-1,0.000320694496622
MWRSLGLALALCLLPYGGA,-1,0.00354806124233
AAAAGDSAASDLLGDNILR,0,0.0173399131745
ADGSDPASSDFLAEGGGVR,0,9.4071670901e-05
ATDYDEEEDDRVKVRLDAR,0,0.00101974222343
CPCEMGPGHAEEMRISIEG,0,0.000215283012949
DFDMLRCMLGRVYRPCWQV,0,0.070113144815
ECCDDPPCRQNNMEHCPAS,0,0.000477645080537
FGVLAKVAAHVVPAIAEHF,0,0.0018649706617
FLSLIPHAINAVGVHAKHF,0,0.00751341879368
FLSLIPHAINAVSTLVHHF,0,0.00423942925408
FNWRCCLIPACRRNHKKFC,0,0.713544070721
GEEEVAKMAAELAREDAVN,0,3.79666562367e-05
GIGGKPVQTAFVDNDGIYD,0,0.000164580778801
GIVDFAKGVLGKIKNVLGI,0,0.00934154633433
GPAVFPAENGVQNTESTQE,0,3.22709711327e-05
GTSFLSPAQKPQGRRPPRM,0,0.0264851357788
HYYDDTDEEERIVSTVDAR,0,0.000905377324671
LDYDHEEEDGRTKVTFDAR,0,0.000317043130053
MGAFTKNWLVIAVIVMCLC,0,0.000473465566756
MRLHHLLLALLFLVLSAAS,0,0.000459149101516
NGERAPASKKAPSGFLGTR,0,0.00423078332096
SILRNILLDALARELQKRK,0,0.629697799683
SVDQDLGPEVPPENVLGAL,0,0.000133156965603
TMKLCGRKLPETLSKLCVY,0,0.148972198367
AFTFRYSPSLYTWFLFPCG,1,0.0219243932515
ASGWVCTLTIECGTVICAC,1,0.000260354339844
CRQACSFGPFTFVCDGNTK,1,0.00601713499054
DDEASTTVSKTETSQVAPA,1,5.1389917644e-05
DLDLEMLAPYIPMDDDFQL,1,0.000195377608179
ELRDKKQKVHALFYKLDIV,1,0.179025068879
GAFVGQPEAVNPLGREIQG,1,0.000993801630102
GLPWGCPSDIPGWNTPWAC,1,0.0962907373905
GSALPNSEQQKSVDIVFSS,1,0.0016736384714
GSRSEIISTAPSSWVVPGP,1,0.0686442926526
HYRKTGSLLPTLPKLPSLS,1,0.477899760008
IRDECCSNPVCRVNNPHVC,1,0.00214738375507
KPVSKMRMATPLLMQALPM,1,0.315038442612
LFRLRHFPCGNVNYGYQQQ,1,0.095040500164
MDINIDDILAELDKETTAV,1,0.000158380469657
NLQSSIVKFKKPLPLTQPG,1,0.642080903053
NQQKRNEQELLELDKWASL,1,0.00746005633846
QEAEEPSLLKKLLLAPANT,1,0.0055832802318
RAANLWPSPLMIKRSKKNS,1,0.980887174606
RMLLTPLAKIIAHIREIAG,1,0.288694828749
SFNLAPLGRRRVQSQWAST,1,0.0882993116975
SPSYSPTSPSYSPTSPSYS,1,0.00108621607069
TRKSIHIGPGRAFYTTGEI,1,0.0873159691691
VRLGSMLASIGQEIGGVEL,1,0.000409858854255
ARCSDRFRNCPADEALCGR,2,0.496351838112
KWCFAVCYAGICYAACAGK,2,0.187685787678
IFASLLRAVIASICVVSSMA,-1,0.0126504944637
MAGVWKVLVVLVGLAVVACA,-1,0.000296138576232
MAQHLSTLLLLLATLAVALA,-1,8.3076833107e-05
MARSVTVIFLVLVSLAVVLA,-1,1.89758848137e-05
MASLRLFLLCLAGLVFVSEA,-1,0.000181039024028
MATRLLCYTVLCLLGARILN,-1,0.000756775029004
MAWPLCTLLLLLATQAVALA,-1,3.99497475883e-05
MDKLLLWMSVFTSLLSEAFA,-1,2.76477785519e-05
MEAPAQLLFLLLLWLPDTTR,-1,1.5572324628e-05
MEMFQGLLLLLLLSMGGTWA,-1,4.1152270569e-07
MEPRPLLLLLGLCSAGLVLG,-1,2.60765245912e-05
METPAQLLFLLLLWLPDTTG,-1,3.32147851623e-06
MFSASCSVTVVVLLITVRRT,-1,0.00474151363596
MGLFMIIAILLFQKPTVTEQ,-1,0.000508659693878
MGRLQLVVLGLTCCWAVASA,-1,0.00753418589011
MKFLAVLVLLGVSIFLVSAQ,-1,0.000163753458764
MKGLAAALLVLVCTMALCSC,-1,1.19189753605e-05
MKMPLLVSHLLLISLTSCLG,-1,0.000168889077031
MKSFFLVVNILALTLPFLGA,-1,0.000214045590837
MKSLSLLLAVALGLATAVSA,-1,0.00010544952238
MKTIYFVAGLFVMLVQGSWQ,-1,3.45870103047e-05
MLLLLVPVLEVIFTLGGTRA,-1,0.000256900035311
MLRMRVPALLVLLFCFRGRA,-1,0.00551996007562
MMKSIQLCILLWCLRAVCCH,-1,0.00801417976618
MNRCWALFLSLCCYLRLVSA,-1,0.000189019119716
MPLGLLWLGLALLGALHAQA,-1,0.0019828567747
MPVPWFLLSLALGRSPVVLS,-1,0.00137042731512
MQPAMLLGLLGAAALAAVSS,-1,0.00430456409231
MQRAMLLGLLGAAALAAVIS,-1,0.000133310051751
MRLSLCLLTILVVCCYEANG,-1,2.3833295927e-05
MRTALLLLAALAVATGPALT,-1,2.93360208161e-05
MRWALLVLLAFLSPASQKSS,-1,0.00053420313634
MSLFPSLPLLLLSMVAASYS,-1,1.21211387523e-05
MTAIFLMSMLFGLACGQAMS,-1,7.88016550359e-05
MTPGIRAPFFLLLLLASLKG,-1,5.24789502379e-05
MVMLLLLLSALAGLFGAAEG,-1,1.29819591166e-05
MWLCPLALNLILMAASGAAC,-1,5.59113505005e-05
MYSMQLASCVTLTLVLLVNS,-1,0.000252793455729
ARLDVAAEFRKKWNKWALSR,0,0.342610508204
DERYAQGRGFITKAVNGCHT,0,0.00275237835012
EPTAEDSVVIKRGLGSTTRK,0,0.0875894203782
FLGGLIKIVPAMICAVTKKC,0,0.00682893767953
FLSLALAALPKFLCLVFKKC,0,0.05414012447
GIVDECCLRPCSVDVLLSYC,0,0.00385573436506
GSVAVFPAENGVQNTESTQE,0,3.23147214658e-05
GYLDYDEVDDNRAKLPLDAR,0,0.0126615250483
IIGPVLGLVGSALGGLLKKI,0,0.0010885046795
ILGPVISKIGGVLGGLLKNL,0,0.00410006335005
ILGPVLGLVGNALGGLLKNL,0,0.000443189666839
ILGPVLGLVSNALGGLLKNI,0,0.000453449465567
ILGPVLSMVGSALGGLIKKI,0,0.000635006581433
LAKRADICQPGKTSQRACET,0,0.534716010094
LVWSQLPSLQGVDEESKDLA,0,0.00301932753064
QLCGRGFIRAIIFACGGSRW,0,0.000745799858123
RAYSYVSEYKRLPVYNFGLG,0,0.0268445890397
SELRCQCLTTLPRVDFKNIQ,0,0.050443649292
SVSQLNQYAGFDTLGGMGLG,0,0.00256348331459
TSNKDEEQRELLKAISNLLD,0,0.0174631010741
VNPIILGVLPKFVCLITKKC,0,0.00501384632662
YAEHKSHRGEYSVCDSESLW,0,0.00180339533836
ALPAWARPDYNPPLVESWRR,1,0.0309210922569
DAYAQWLADAGWASARPPPS,1,0.00567318173125
DLDLEMLAPYIPMDDDFQLR,1,0.00109084590804
FHCVPRDLSWLDLEANMCLP,1,0.0123984245583
GGSYRSFDMNELALKLAGLD,1,0.0858137011528
GLGSVFGRLARILGRVIPKV,1,0.115157909691
GSGPQAQIAKPIRSGQGATS,1,0.0245315190405
HGEVCPAGWKPGSETIIPDP,1,0.000421585631557
HSMQALSWRKLYLSRAKLKA,1,0.913706958294
ISKQGLGGDFEEIPSDEIIE,1,0.00017133676738
KKGRHGAANDNFAEEFAVAA,1,0.0277006998658
KNPEAEEITRCKKLLDDSSS,1,0.00380742014386
LAFQREGFGRQSMSEKRTKQ,1,0.034218031913
MAAVAGLYGLGEDRQHRKKQ,1,0.0855528414249
MEELDALLEELERSTLQDSD,1,0.000123716061353
MTEYKLVVVGAGGVGKSHVW,1,0.0181148108095
NPVEHPFGGCNHQHIGKPST,1,0.0126697393134
NSHQKVTLLQLLLGHKNEEN,1,0.0481525063515
RADLHHQHSVLHRALQAWVT,1,0.539340555668
RRSLAGSMLQKPTQFSRPSF,1,0.0645606294274
SDVRYNKSFINNRLLNEHAH,1,0.000920915917959
SPPPRGSSPGGDKLWQIYLN,1,0.208444729447
SSKFAALWDPPKLSRSGSGK,1,0.118099294603
TTYADFIASGRTGRRNAIHD,1,0.124432958663
YETGCKRCCYLDEYGCIRCC,1,0.000486313860165
YSDELRQRLAARLEALKENG,1,0.00999906845391
GLFEALLELLESLWELLLEA,2,0.00880315434188
GLWWRLWWRLRSWFRLWFRA,2,0.968460738659
RILQQLLFIHFRIGCRHSRI,2,0.988334834576
MAAALFVLLGFALLGTHGASG,-1,0.000126032129629
MAARLLLLGILLLLLPLPVPA,-1,4.74687340102e-06
MAKLLLVTGLALLLNAQLGSA,-1,0.000710125721525
MALPFVLLMALVVLNCKSICS,-1,0.000386531261029
MAPCTLLLLLAAALAPTQTRA,-1,0.0440247058868
MASRWAVQLLLVAAWSMGCGE,-1,0.000806728319731
MDRRPLTWALVLLGPALAIAL,-1,0.00138758227695
MEHSRCLSCLILAALLSQVNP,-1,0.000346975983121
MEKYLLLLLLGIFLRVGFLQA,-1,2.65321773441e-06
MESRSKPQFLAILTLFSVLFS,-1,0.0123864104971
MGKSSEAWCIVLFSVFASFSA,-1,0.000310483534122
MGLRVAQTGFVALVLLQSCAA,-1,0.00047276247642
MGTSLLCWMALCLLGADHADT,-1,0.00211743894033
MKALLALPLLLLLSTPPCAPQ,-1,1.37552078741e-05
MKLGTAIPWALLLSTATLVST,-1,0.000615966855548
MKSTIFFILSLLLMLENQAAG,-1,7.10672020432e-06
MKVLLLLAVVIMAFGSIQVQG,-1,8.82588847162e-06
MKWKVSVLACILHVRFPGAEA,-1,0.0747097805142
MLPFGLVAALLLAAGPRPSLG,-1,0.0163296554238
MMPKHCFLGFLISFFLTGVAG,-1,2.97690785374e-05
MNNRWILHAAFLLCFSTTALS,-1,0.00572004588321
MQPWLWLVFSVKLSALWGSSA,-1,0.0121104978025
MRALWVLGLCCVLLTFGSVRA,-1,2.39199489442e-05
MRLSTATLLLLLASCLSPGHG,-1,5.28913187736e-05
MRPGSLLQLTLLLALPRSLWG,-1,0.000797191110905
MRVSLAALAFLLTLAVLHSEA,-1,0.00236551347189
MSAVLLLALLGFILPLPGVQA,-1,0.000465375749627
MSMLVVFLLLWGVTWGPVTEA,-1,7.18320052329e-06
MTGRCILQIALLVCFFTTAHS,-1,3.82298203476e-05
MTYRCLLPMVLLLCFSTTALS,-1,6.77647722114e-06
MVGSYVLWLALASCILTLASP,-1,3.28856513079e-05
MVWRVPPFLLPILFLASHVGA,-1,0.000593351258431
AGEDVSHELEEKEKALANHSE,0,1.41561968121e-05
APPGARPPPGPPPPGPPPPGP,0,0.125286474824
CSCNSWLDKECVYFCHLDIIW,0,0.000118955904327
CTCKDMTDKECLYFCHQDIIW,0,0.0196672361344
DCCHNTQLPFIYKTCPEGCNL,0,0.0366251766682
EEFQSPFASQSRGYFLFRPRN,0,0.0239618197083
GEEEYQKMLENLREAEVKKNA,0,0.000269435258815
GIVDQCCHRPCDIFDLQNYCN,0,0.00176910927985
GIVDQCCTSICTLYQLENYCN,0,0.000274512713077
GIVEQCCASTCSLYQLENYCN,0,0.000127831342979
GIVEQCCENTCSLYELENYCN,0,4.06234503316e-05
GIVEQCCHKPCSIFELQNYCN,0,0.000203386953217
GIVEQCCHNTCSLYQLENYCN,0,7.5606709288e-05
GIVEQCCHSPCSLYDLENYCN,0,0.000107254956674
GIVEQCCTGICSLYQLENYCN,0,6.74513648846e-05
GLLASLGKVFGGYLAEKLKPK,0,0.0495827682316
GLLSGILGAGKHIVCGLSGLC,0,0.000122636629385
GMASKAGAIAGKIAKVALKAL,0,0.208254054189
GVFDECCRKSCSISELQTYCG,0,0.000190788778127
GVVDECCFRPCTLDVLLSYCG,0,0.00193002773449
ISDFDEYEPLNDADNNEVLDF,0,6.35947435512e-05
MDRAARGSGASSLPLLLALAL,0,0.0650202408433
MTDMWSLKICAWLGFLLLFKP,0,0.0180212128907
NVAAVARYNSQHGHIQRAGAE,0,0.144386306405
PIKVYPNGMEDESAESYSPDL,0,0.000719903211575
PIKVYTNGVEEESAESLPAEM,0,0.000319329847116
PVKVYPNGAEDESAEAFPLEF,0,0.00028973116423
PVKVYPNVAENESAEAFPLEF,0,0.000427567836596
QFPTDYDEGQDDRPKLGLGAR,0,0.00595247372985
QHLADYDEVDDDRAKLHLDAR,0,0.00862401723862
RDLQALCCREGCSMKELSTLC,0,0.00133472343441
RWCVYAYVRVRGVLVRYRRCW,0,0.219235494733
SGPLHGEVGELPFQHEEYQKV,0,0.000223219147301
SPANAQITRKRHKINSFVGLM,0,0.0388862229884
SSPLRGEAGVLPFQQEEYEKV,0,0.00010719292186
AADPLGQALRAIGDEFETRFR,1,0.0256293881685
CGNQLYNELNLGRREEYDVLD,1,0.00239320355467
DEMFSDIYKIREIADGLCLEV,1,7.05153579474e-05
ETLTGQYDKNLVTTVEEEYDS,1,0.000125443955767
GCRFCCNCCPNMSGCGVCCRF,1,0.00070437672548
GESQEDMFAKLKEKFFNEINK,1,7.47909289203e-05
GGSYGKIEELAQNFETMEFSR,1,0.000958961376455
GMFNTTTMDDVYNYLFDDEDT,1,2.92557870125e-05
HSDGIFTDSYSRYRKQMAVKK,1,0.0146028222516
KFYATFLIQEYFRKFKKRKEQ,1,0.792216360569
KIYAAMMIMEYYRQSKAKKLQ,1,0.325507879257
MGHHHHHHHHHHSSGHIEGRH,1,0.18002538383
MSNSDAIIYVGSGERGNEMAE,1,0.00251453462988
PRSLQNRNTKNLSLDIAALHP,1,0.0556014217436
RDKIRLNNAIWRAWYIQYVQR,1,0.736098825932
RPPPSDAAAYAQWLADAGWAS,1,0.0672193542123
SFLLRNPNDKYEPFWEDEEKN,1,0.00431332411245
SHFNLAPLGRRRVQSQWASTR,1,0.143008828163
SRWRFPARPGTTGGGGGGGRR,1,0.845166146755
TPRSARLERMAQALALQAGSP,1,0.198511719704
VRKLRAEMEELKSMLSQLGKT,1,0.213952422142
YSPTSPSYSPTSPSYSPTSPS,1,0.00679477863014
ARRCSGSGSGCGSGSGSCGRR,2,0.877862632275
GWTLNSKINLKALAALAKKIL,2,0.983726501465
VTPHHVLVDEYTGEWVDSQFK,2,0.000121371878777
MAAGTAVGAWVLVLSLWGAVVG,-1,2.95740483125e-05
MALERLCSVLKVLLITVLVVEG,-1,9.23635379877e-05
MAMTWIVFSLWPLTVFMGHIGG,-1,1.37432762131e-05
MAPPGSSAVFLLALTITASTQA,-1,0.000336222699843
MAQTSSYFMLISCLMFLSQSQG,-1,0.000143017285154
MASRLTLLTLLLLLLAGDRASS,-1,8.29660275485e-05
MCFIKQGWCLVLELLLLPLGTG,-1,9.00268205442e-05
MDMRAPAQIFGFLLLLFQGTRC,-1,9.16998033063e-05
MDMRVPAQLLGLLLLWLRRVRC,-1,0.0855272486806
MEAPIVLLLLLWLALAPTPGSA,-1,1.06287043309e-05
MEQRKGLAGLFLVISLLQGTVA,-1,3.76564239559e-05
MGAESVWASGLLVLWLLLLVSG,-1,1.76384025963e-06
MGMSQPGVLLSLLLVLLPQTWG,-1,1.02632964172e-06
MGRGLLRGLWPLHIVLWTRIAS,-1,0.128014728427
MGTRYLLVLLLVLLVLGFEVQG,-1,2.86919799919e-07
MKAWGALWIVLGLLLWPEPGAA,-1,0.000183939337148
MKKSGVLFLLGIILLVLIGVQG,-1,6.11182213106e-06
MKVISLFILVGFIGEFQSFSSA,-1,4.61238560092e-05
MLKPSLPFTSLLFLQLPLLGVG,-1,0.000164953598869
MNMRPDTCSVLVLLLMLRRNNG,-1,0.0132092265412
MRAARLMGALLALAGLLQLALS,-1,0.0144714526832
MRGMKLLGALLALAALLQGAVS,-1,0.00515626231208
MRLHHLLLAVLFLVLSAGSGFT,-1,4.21687327616e-05
MRYTGLMGILLTLVNLLQLAAT,-1,0.000584994733799
MTPDIQAPFLSLLLLFPVLTVA,-1,4.88440564368e-05
MWATLPLLCAGAWLLGVPVCGA,-1,3.99655436922e-05
ADHSEQVTQHKDASQGVNIPIL,0,0.000780084403232
FFHHIFRGIVHVGKSIHKLVTG,0,0.0167961679399
FKVLGSVAKHLLPHVAPVIAEK,0,0.0119166821241
FVPIFTYGELQRMQEKERNKGQ,0,0.00941401999444
FVPIFTYSELQRMQERERNRGH,0,0.0209758412093
GGKPDLRPCYPPCHYIPRPKPR,0,0.370709270239
GIVDECCYRPCTIDVLMSYCDN,0,0.000499889312778
GLMSVLGHAVGNVLGGLFKPKS,0,0.000741258321796
GLWEKIREKANELVSGIVEGVK,0,0.000492175284307
GPSRSCFGLKLDRIGAMSGLGC,0,0.0210389550775
GTSKGCFGLKLDRIGAMSGLGC,0,0.0124658932909
GYCYHRYYCCSRACKLTTKRCL,0,0.224743306637
IIKTLNILTSRKNSCMELPVAD,0,0.212588310242
LKCEWDGLVGTRGEIAKETIER,0,0.00257296324708
PVKVYTSNGVEEESAEVFPGEM,0,2.27385698963e-05
QSDQHGQPLGKFLQDILWEEVN,0,8.79364015418e-05
RHGCCKGPKGCSSRECRPQHCC,0,0.0159716941416
SEQPDVDDYLRDVVLQSEEPLY,0,5.29397475475e-05
SVSSPKYAMGHFRWGSPDKATI,0,0.105156369507
AKSKWKQAFNATAVVRHMRKLQ,1,0.34558737278
EGKVTKRKHDNEGSGSKRPKVE,1,0.00913078337908
ENYSNTDPEELLRKHVFPSVPK,1,0.00178511452395
GAYTGVPNQKPRVPTLRQAKVQ,1,0.139082744718
GGSYSSLQELVQQFEALPGDLV,1,0.00020662631141
GPKIEEEEQEPEPPEPFEYIDD,1,1.59620947215e-06
GSSINWPPEFHPGVPWKGLQNI,1,0.0814754143357
INTTNAHSTSNILIPELKAPKS,1,0.106503903866
LRGSLPTFRSSLFLWVRPNGRV,1,0.0666273012757
MEFVAKLFKFFKDLLGKFLGNN,1,0.0102876303717
NVVGLTDQTDLFYTMKAALGLK,1,0.106668509543
QHIRCNIPKRIGPSKVATLVPR,1,0.346018880606
RKQLATKAARKSAPATGGVKKP,1,0.173631072044
SKKVKRAKLDQTSKGPENLQFS,1,0.106734395027
TNMGLEAIIRKALMGKYDQWEE,1,0.0178046245128
WLMVLKISLPVIGLDEILKFIA,1,0.02157648094
FVTRGCPRRLVARLIRVMVPRR,2,0.36513710022
KCFQWQRNMRKVRGPPVSSIKR,2,0.959224879742
RVTSWLGRQLRIAGKRLEGRSK,2,0.778558492661
TKRRITPKDVIDVRSVTTKINT,2,0.99555426836
MAFDVSCFFWVVLFSAGCKVITS,-1,0.000116214469017
MALLGRLLPLALALALGPAATHA,-1,0.00279602245428
MALPVSLLMALVVLSCHSSCSLG,-1,0.000100656645373
MALTFALLVALLVLSCKSSCSVG,-1,0.00124426593538
MAPAWSFRLALLLLSCNAICSLG,-1,0.000185154261999
MAPLAALASSMLLLLWLVAPSRA,-1,8.5408159066e-05
MARKSNLPVLLVPFLLCQALVRC,-1,0.000638103636447
MARTVVALNILVLLGLCWSLAVA,-1,0.000237199536059
MDLLWILPSLWLLLLGGPACLKT,-1,9.93325738818e-06
MEAVAVAAAVGVLLLAGAGGAAG,-1,0.000153612694703
MEPIPKLLAGLLLLTLCVVGCSS,-1,1.65211677086e-05
MFVRMLVFRVLLLIALVGKSVIG,-1,2.74887952401e-05
MGLWLKLLAFGFALLDTEVFVTG,-1,0.000187672980246
MGTSHPAFLVLGCLLTGLSLILC,-1,2.03633826459e-05
MILNKALLLGALALTAVMSPCGG,-1,0.00316953170113
MKHPLCTLLSLITFMCIGSKGLA,-1,0.000839225191157
MKPNIIFVLSLLLILEKQAAVMG,-1,2.64261962002e-05
MKVASIFLLTALVLMSLSGNSGA,-1,1.5720128431e-05
MKVSEAALSLLVLILIITSASRS,-1,0.000238581676967
MKYTSYILAFQLCIVLGSLGCYC,-1,0.000103570047941
MLLLARCLLLVLVSSLLVCSGLA,-1,1.78604850021e-07
MMGLSLASAVLLASLLSLHLGTA,-1,0.00110439164564
MPGFLVRILPLLLVLLLLGPTRG,-1,2.11939677683e-05
MPSPGTVCSLLLLGMLWLDLAMA,-1,2.07011362363e-06
MQVSTAALAVLLCTMALCNQFSA,-1,8.85839399416e-05
MRILQSFLACVQLLCLCRLDWAY,-1,0.00280344928615
MSAFRFWSGLLMLLGFLCPRSSP,-1,0.00212736730464
MSSSCSGLTRVLVAVATALVSSS,-1,0.00111646193545
MTPGKTSLVSLLLLLSLEAIVKA,-1,1.70793118741e-05
MVMVLSPLLLVFILGLGLTPVAP,-1,2.0785482775e-05
MVWLEPPLLLPIFFLASHVGAAV,-1,0.000321325205732
ACGSCRKKCKGSGKCINGRCKCY,0,0.068317130208
DDSSNVETFDTEEEATTDSTLRV,0,1.51152089529e-05
ENFAGGCATGYLRTADGRCKPTF,0,0.031524643302
ENFNGGCLAGYMRTADGRCKPTF,0,0.0202974304557
FGGFMKGRHGLRKLVSSGRPLQK,0,0.0421435795724
FNAPCDVGIKLSGAQSDQHGQPL,0,0.0374130755663
FNAPFNIGIKLAGAQSLQHGQTL,0,0.201993331313
GFGCYRSCWKAGHDEETCKKECS,0,0.0331534929574
GINTLKKVIQGLHEVIKLVSNHE,0,0.0140796834603
GLIGSIGKALGGLLVDVLKPKLQ,0,0.00165433634538
GLLSVLGSVAKHVLPHVVPVIAE,0,0.000116811883345
GLWQLIKDKIKDAATGFVTGIQS,0,0.034696303308
GVVTDLLNTAGGLLGNLVGSLSG,0,0.00407095113769
LFKLLGKIIHHVGNFVHGFSHVF,0,0.00628345832229
MNFLLSWVHWTLALLLYLHHAKM,0,0.00720915338024
NDPCYEVCLQHTGNVKACEEACQ,0,0.00113254354801
PYVALFEKCCLIGCTKRSLAKYC,0,0.00604163482785
QRPYTQPLIYYPPPPTPPRIYRA,0,0.0121439369395
RSADQSYAPTTRDLFHIHHQQKR,0,0.366554141045
SPTDVNQENVPSFGILKYPPRAE,0,0.00222650845535
VFHLLGKIIHHVGNFVYGFSHVF,0,0.00123247201554
WYKHTASPRYHTVGRAAGLLMGL,0,0.132531180978
YKVNEYQGPVAPSGGFFLFRPRN,0,0.125651627779
ALQELLGQWLKDGGPSSGRPPPS,1,0.00399059569463
DEWELSKENVQPLRQGRIMSTLQ,1,0.00367541587912
EESSFRKTFEDYLHNVVFVPRPS,1,0.000402517180191
ESPEQRATRLKRMSEYAAKRLSS,1,0.119870662689
GGSYDVPKELMQQIENFEKIFTV,1,0.000378208438633
GLSQGVEPDIGQTYFEESRINQD,1,0.000102885707747
GPYAGPLERQRPLKVKAKLPQAE,1,0.109383784235
HKTSFQQYCDDNPDAAECRIYDD,1,0.000143307886901
KKGCVVIVGRIVLSGKPAIIPKK,1,0.018976772204
MKYLLPTAAAGLLLLAAQPAMAM,1,4.61822310172e-05
NLLHLTANRPKMPGRRLPGRFNG,1,0.137386336923
NSTTFHQALLDPRVRGLYFPAGG,1,0.0691990181804
SSDTRKHKFDTSTWALPNKRRRI,1,0.651255071163
YNKRKRIHIGPGRAFYTTKNIIG,1,0.355617880821
LIRLWSHLIHIWFQNRRLKWKKK,2,0.994029521942
MAALPMLWTGLVLLGLLGFPQTPA,-1,0.000124774000142
MAISPGPLFLIFVLGLVVIPPTLA,-1,1.23299230381e-06
MALWMRFLPLLALLFLWESHPTQA,-1,9.95071604848e-05
MALWMRLLPLLALLALWGPDPVPA,-1,9.77523159236e-05
MAPGSTMWLLGYIFLCFPVSFALI,-1,3.3858207189e-06
MAPWTRLLPLLALLSLWIPAPTRA,-1,0.00321282935329
MARRAGGARMFGSLLLFALLAAGV,-1,0.0049888570793
MATMENKVICALVLVSMLALGTLA,-1,0.00105588149745
MAVMAPRTLVLLLSGALALTQTWA,-1,3.77373976335e-06
MDHLGASLWPQVGSLCLLLAGAAW,-1,7.29505482013e-05
MDYYRKYAAAILAILSLFLQILHS,-1,0.0200505722314
MERGAGAKLLPLLLLLRATGFTCA,-1,0.000199450019863
MGAMAPRTLLLLLAAALGPTQTRA,-1,2.05155211006e-05
MGITAGKSVLVLLAFLAFASCCYA,-1,1.16939227155e-05
MGPPGSPWQWVTLLLGLLLPPAAP,-1,0.000323281972669
MGYYRKYAAVILATLSVFLHILHS,-1,0.14078591764
MKGPPTFCSLLLLSLLLSPDPTAA,-1,4.65965285912e-06
MKRFLFLLLTISLLVMVQIQTGLS,-1,5.72270948851e-07
MLSCRLQCALAALSIVLALGCVTG,-1,7.84597796155e-05
MNYSSLLRIWVSFIFALVRHQAQP,-1,0.0323470421135
MPRAPALLFSCLLGLCALVPRLPG,-1,0.0002221804898
MPSSVPWCLLLLAGLCCLVPSSLA,-1,2.34309277403e-06
MRFLSFWRLLLYHALCLALPEVSA,-1,0.000508319644723
MRILQSFLACVQLLCVCRLDWAYG,-1,0.00999066513032
MRPSGTAGAALLALLAALCPASRA,-1,0.00756336608902
MRVMAPQALLLLLSGALALIETWA,-1,4.01703618991e-06
MRVTAPRTLLLLLWGAVALTETWA,-1,1.30367980091e-05
MSFPCKFVASFLLIFNVSSKGAVS,-1,0.000132973480504
MSWSSHPPSVIFYILSLLSSACLA,-1,0.000192333085579
MTPTGAGLKATIFCILTWVSLTAG,-1,0.00125133956317
MVSATRSLLCAALPVLATSRQATG,-1,0.00190079014283
ALKCQGWVDYCNGNVECCNECVMY,0,0.000301970139844
CRPSGSPCGVTSICCGRCYRGKCT,0,0.0542162656784
CSCNDMNDKECVYFCHLDIIWDEP,0,0.000238310196437
CYDSGTSCNTGNQCCSGWCIFVCL,0,0.000885979912709
DNYIKMSDKCCNVGCTRRELASRC,0,0.00655127270147
DVLAGLSSSCCEWGCSKSQISSLC,0,0.00327190128155
EEKMGFAKKCCAIGCSTEDFRMVC,0,0.0011903232662
FFPAILRVAAKVGPAVLCAITKKC,0,0.0375934094191
FLGALFKVASKVLPSVFCAITKKC,0,0.00695858476683
FLPAIVGAAAKFLPKIFCVISKKC,0,0.00538441119716
FLPFIAGMAANFLPKIFCAISKKC,0,0.000452048727311
FLPIIAGVAAKVFPKIFCAISKKC,0,0.00263799261302
FLPILASLAAKFGPKLFCLVTKKC,0,0.0170687586069
FLPLIASVAANLVPKIFCKITKKC,0,0.0175887066871
FLPMLAGLAANLLPKLFCKITKKC,0,0.0658556744456
FLPVLAGIAAKVVPALFCKITKKC,0,0.014651237987
GFLDKLKKGASDFANALVNSIKGT,0,0.0271648932248
GLFKVLGSVAKHLLPHVAPVIAEK,0,0.0182221904397
GLNALKKVFQGIHEAIKLINNHVQ,0,0.0472740121186
GTQVIHAGGHTLIQTDRSQYIRKN,0,0.00610913895071
LFGFLIPLLPHIIGAIPQVIGAIR,0,0.000148843188072
LPSCCSLNLRLCPVPACKRNPCCT,0,0.0874201878905
NDVKDGAASGAHSDRLGLWFGPRL,0,0.0327176116407
QLDMTVSEKCCQVGCTRRFIANSC,0,0.00131706648972
QSGALLSEQCCHIGCTRRSIAKLC,0,0.00258930027485
RSSCFGGRIDRIGAQSGLGCNSFR,0,0.0457511544228
SKIYRSCKSNSVCGNQKCVRGRCV,0,0.0699472501874
SSGGIYDECCKKSCSYVELRAYCD,0,0.000761262665037
VTSQLIPTLVCLLALTSTFVHTPN,0,0.000604976376053
YTSIYMSHQCCFRGCSRRSLTAAC,0,0.027366258204
CSCNDINDKECMYFCHQDVIWDEP,1,0.000133047244162
EDPQQVFDERIKFANQLHDEYLVS,1,7.31964319129e-05
GGILVEPQKFAEELIHRLEAVQRT,1,0.00100796483457
GPLGSSSENKIDFNDFIKRLKTGK,1,0.0328420475125
GTGAALSWQAAIDAARQAKLMGSA,1,0.0831112489104
KSLRVSSLNKDRRLLLREFYNLEN,1,0.0757166519761
LVKERVEIPFDSVVAKRDVTYGYG,1,0.0104198008776
MSRRPCSCALRPPAAAAAAAAAAA,1,0.235313013196
PGSDDEAAADAQHAAPPKKKRKVE,1,0.0440988987684
QYVRIKNWGSGEILHDTLHHKATS,1,0.0108149014413
SVPVPATELGSTELVTTKTAGPEQ,1,0.00530059635639
TVILEYAHRLSQDILCDALQQWAC,1,0.0107099749148
WWWKYEITTIHNLFRKLTHRLFRR,1,0.822159349918
GALFLGWLGAAGSTMGAPKKKRKV,2,0.825638055801
MDAQTRRRERRAEKQAQWKAANGC,2,0.132827475667
MAAAAATKILLCLPLLLLLSGWSRA,-1,0.000321009545587
MAHRPPSPALASVLLALLLSGAARA,-1,0.0335273370147
MAPAMESPTLLCVALLFFAPDGVLA,-1,2.58751697402e-05
MARMSFVIAACQLVLGLLMTSLTES,-1,0.000421574339271
MCLSPVKGAKLILIFLFLGAVQSNA,-1,4.12679983128e-05
MELGAAARAWSLLWLLLPLLGLVGA,-1,3.52166375706e-06
MGACRIQYVLLIFLLIASRWTLVQN,-1,0.000245542032644
MGLEKSLFLFSLLVLVLGWVQPSLG,-1,9.92739387584e-07
MGRLCTKFLTSVGCLILLLVTGSGS,-1,1.44711548273e-05
MHAVSSSHLFYLAFCLLVLTSSATA,-1,1.58420480147e-05
MKKTQTWILTCIYLQLLLFNPLVKT,-1,0.000197498258785
MMSAKDMVKVMIVMLAICFLARSDG,-1,0.166290596128
MNWSLQLRSFILCWALLLLSPTGLA,-1,1.17382887765e-05
MRLLPLLRTVLWAAFLGSPLRGGSS,-1,0.00751175219193
MSHRRMQLALSLVFILCGLFNSIFC,-1,0.000167420410435
MTWDGLPTQPLLMLLMLLFAAGSES,-1,1.63479180628e-05
MVSRKAVVVLLVVHAAAMLASHTEA,-1,0.00236733420752
ASSCFGARMDRIGNASGLGCNNGRG,0,0.0320007950068
CLDAGEICDFFFPTCCGYCILLFCA,0,0.000707466097083
CTCFTYKDKECVYYCHLDIIWINTP,0,0.0141208032146
DSHAKRHHGYKRKFHEKHHSHRGYR,0,0.137649461627
DTNFPICIFCCKCCNNSQCGICCKT,0,0.00515863625333
ESGGLMSQQCCHVGCSRRSIAKLYC,0,0.00545001961291
FLPLLILGSLLMTPPVIQAIHDAQR,0,0.00011534186342
GCCGSYPNAACHPCSCKDRPSYCGQ,0,0.0135278403759
GIGGALLSAGKSALKGLAKGFAEHF,0,0.0211888570338
GLFSVLGSVAKHLLPHVAPIIAEKL,0,0.000224500705372
GLLSSLSSVAKHVLPHVVPVIAEHL,0,0.000178437447175
GLMSSIGKALGGLIVDVLKPKTPAS,0,0.0128694130108
GLVSSIGRALGGLLADVVKSKEQPA,0,0.0177635550499
GLWSTIKNVGKEAAIAAGKAVLGSL,0,0.00745597248897
GVLDILKGAAKDLAGHVATKVINKI,0,0.0374160856009
GWASKIGQTLGKIAKVGLKELIQPK,0,0.128366529942
HTACVLKIFKALNVMCNHEGDADVL,0,0.0347544178367
IWLTALKFLGKHAAKHLAKQQLSKL,0,0.861986815929
LFGFLIKLIPSLFGALSNIGRNRNQ,0,0.110429219902
LTSDPGKQCSKQDGGGWWYNRCHSA,0,0.0166685823351
NWRKILGQIASVGAGLLGSLLAGYE,0,0.014312104322
QHGQTLGKFLQDILWEEAEETLANE,0,2.08223627851e-05
QSVSSKQRVTGLDFIPGLHPLLSLS,0,0.0247855726629
RSSCFGGRIDRIGAQSGLGCNSFRY,0,0.0415795482695
SLILFVILLVAFAAARPVSEEVDRV,0,0.000241709480179
SSGSTVCKMMCRLGYGHLYPSCGCR,0,0.00448907678947
VIKNLQNLDPSHRISDRDYMGWMDF,0,0.00693282438442
YIIDVPPRCPPGSKFIKNRCRVIVP,0,0.113962046802
YQQILTSLPSRNVVQISNDLENLRD,0,0.00705572171137
AKVNIKPLEDKILVQANEAETTTAS,1,0.000558867992368
ATNATLDPRSFLLRNPNDKYEPFWE,1,0.0672648623586
CPSSHSSLTERHKILHRLLQEGSPS,1,0.00188883475494
DFRGVVDSCCRNSCSFSTLRAYCDS,1,0.0148161007091
EFCLNCVSHTASYLRLWALSLAHAQ,1,0.0230514351279
FPIPLPYCWLCRALIKRIQAMIPKG,1,0.580132544041
GGFKPSRPPRPSRPPPPTPRRPASV,1,0.229655489326
GSMSRRRHSDENDGGQPHKRRKTSD,1,0.176905408502
HVDKKVADKVLLLKQLRIMRLLTRL,1,0.105920277536
ISSAIQVGHQLALIGDEFNRAYSRK,1,0.00425599003211
KNTAGEMAGAFVAVFLLAMFYEGLK,1,0.00160160812084
LKKNIEPKKDKESIVLPTVGFDFIK,1,0.0607261657715
MKKSIRRSGGKSKGARLWYVGGTQY,1,0.259176105261
NIYNCEPANPSEKNSPSTQYCYSIQ,1,0.0303835067898
PAFFAKTSAVYNPVIYIMMNKQFRN,1,0.100986160338
QKLREKQQLEEDLKGYLDWITQAED,1,0.000243882590439
RSVCRQIKICRRRGGCYYKCTNRPY,1,0.560929477215
SPLQAKKVRKVPPGLPSSVYAPSPN,1,0.154402092099
SYLNGVMPPTQSFAPDPKYVSSKAL,1,0.00182198022958
YMLFTMIFVISSIIITVVVINTHHR,1,0.00312219536863
ARRRRCSGSGSGCGSGSGSCGRRRR,2,0.952319324017
KHKLLHLLHLLALLWLHLLHLLKHK,2,0.980449199677
MAAGPRTSVLLAFGLLCLPWPQDVGA,-1,4.21368022216e-05
MAAVVAATRWWQLLLVLSAAGMGASG,-1,9.41508842516e-05
MAHVGDCTQTPWLPVLVVSLMCSARA,-1,0.00152362324297
MALPPGPAALRHTLLLLPALLSSGWG,-1,8.62675879034e-05
MATGSRTSLLLAFGLLCLPWLQEGSA,-1,2.32275306189e-06
MCCTKSLLLAALMSVLLLHLCGESEA,-1,0.000192264022189
MDPQTAPSRALLLLLFLHLAFLGGRS,-1,0.000110573724669
METRPRLGATCLLGFSFLLLVISSDG,-1,7.54923166824e-05
MGAAARTLRLALGLLLLATLLRPADA,-1,0.0213186200708
MGSCDRKALWALSFLLLLLGSSSVQG,-1,2.91820779239e-05
MGVPERPTLLLLLSLLLIPLGLPVLC,-1,1.20044796859e-06
MLLSQNAFIFRSLNLVLMVYISLVFG,-1,0.000125522841699
MNFLLSWVHWSLALLLYLHHAKWSQA,-1,0.0136244148016
MRLFIALPVLIVVVAMALEGPAPAQA,-1,0.0169132184237
MRNASGPRGPSLATLLFLLLIPEGGC,-1,1.18309517347e-05
MSRRSLSLWFPLLLLLLLPPTPSVLL,-1,1.52613813498e-06
MTRLTVLALLAGLLASSRAGSSPLLD,-1,0.000179553637281
MVWLPRVPCVAAVILLLTVLSPPMAL,-1,2.19577777898e-05
AAGPMLAPRERKAGCKNFFWKTFTSC,0,0.00699230981991
CAPFLHPCTFFFPNCCNSYCVQFICL,0,0.00420045014471
CHRRDSHKIDNYLKVLKCRLIHDSNC,0,0.137447908521
CKLKGQSCRKTSYDCCSGSCGRSGKC,0,0.0377646163106
CLDGGEICGILFPSCCSGWCIVLVCA,0,0.0005541301216
DDLHPFNENNMYYGCKGLSNSNKFED,0,0.000479969196022
DPCYEVCLQQHGNVKECEEACKHPVE,0,0.00010739123536
EAQEVARTYCGRHLADTLADLCFGVE,0,0.00148161593825
EEVFDDTDVGDELTNALESVLTDLKD,0,4.04987804359e-05
GIGAILKVLSTGLPALISWIKRKRQE,0,0.741136550903
GIWGTALKWGVKLLPKLVGMAQTKKQ,0,0.157406672835
GLWNKIKEAASKAAGKAALGFVNEMV,0,0.0168098378927
GSSFLSPEFKKIQQQNDPTKTTAKIH,0,0.0104606961831
GYSEKCCLTGCTKEELSIACLPYIDF,0,0.000205231175642
KIKWFKTMKSLAKFLAKEQMKKHLGE,0,0.195330560207
MHVERRECAYCLTINTTICAGYCMTR,0,0.0110520115122
NGMFFSTFVRDNDGWIHPDPKRQCAK,0,0.00280727935024
QEEVLKACGREFVRLQIRICGSLSWG,0,0.00215889769606
SEAAALPRASAAAMRAAWPSPSVERV,0,0.0533413104713
SNEAISPFDQGMMGYVIKTNKNIPRM,0,0.0031187615823
VDDLQIQRKAINELIKVMNDLSPKSN,0,0.00140591990203
VTMVEAGCGCPPLQLRCDNHCKGMGR,0,0.0143156684935
VTMVEAGFGCPLFQGSCDSHCRGEGR,0,0.00311800534837
VTMVEAGFGCPLLQFICDNHCKGMGR,0,0.000726535916328
VTMVEAGSGCPLFQGSCDSHCKGMGR,0,0.000644528365228
CQTWRRVSPEECRKYKEEYNCVRCTE,1,0.0132726924494
ETNEKNPLPDKEGEGEESVHRRHREL,1,0.000313661963446
GQSDDSDIWDDTALIKAYDKAVASFK,1,0.00145231059287
GTNECLDNNGGCSHVCNDLKIGYECL,1,0.00107204483356
KLLSSSETKRAARRPYKPIALRQSQA,1,0.483377099037
LTEEQRKKIEENRQKALARRAEKLLA,1,0.0224020853639
MVAAAMLLRSCPVLSQGPTGLLGKVA,1,0.000892149924766
PNSILGQVGRQLALIGDDINRRYDTE,1,0.00502460869029
RDQPLNSKKKKRLLSFRDVDFEEDSD,1,0.00217569572851
SILYAGPTFTHSPAASNLPIPTFLHS,1,0.0178069230169
VKLIPSWTTVILVKSMLRKRSFGNPF,1,0.2019495368
YAGVAFYIFTHQGSDFGPIFMTIPAF,1,0.0233771335334
AAVALLPAVLLALLAKKNNLKECGLY,2,0.877317607403
AYALCLTERQIKIWFANRRMKWKKEN,2,0.986992537975
KGRTPIKFGKADCDRPPKHSQNGMGK,2,0.261462837458
MACGGKRLLFLALAWVLLAHLCSQAEA,-1,0.000157875751029
MALLWGLLVLSWSCLQGPCSVFSPVSA,-1,3.97756639359e-06
MALRKGGLALALLLLSWVALGPRSLEG,-1,0.000333742354997
MAQLCGLRRSRAFLALLGSLLLSGVLA,-1,0.00123854132835
MASSSCLWLLALAFLLGSCASLALGHL,-1,3.28611258738e-06
MEGAALLRVSVLCIWMSALFLGVGVRA,-1,2.21548762056e-05
MGPHLLGRSSLLLLLLGMWWSVRPLCA,-1,1.92923562281e-06
MGTAALGPVWAALLLFLLMCEIPMVEL,-1,3.96727728003e-07
MHPARPALWAAALTALTLLRGPPVARA,-1,0.148816332221
MLLSAPLRHLPGLLLLLWPLLLLPSLA,-1,4.28448220191e-05
MQRARPALWAAALIALALLRGPPAARA,-1,0.104295551777
MSSTWIKFLFILTLVLLPYSVFSVNIF,-1,1.42731903452e-06
AICYPLSCNQICFPRLGSCYYNTCRCN,0,0.022882996127
APTAEDSVVVKRSIGSAIRKAIPIAKK,0,0.0298950914294
ARYKPPLSKKCCSTGCNREDFRGYCYL,0,0.0552523136139
CKPPGSPCRVSSYNCCSSCKSYNKKCG,0,0.0241923108697
CNNRGGGCSQHPHCCSGTCNKTFGVCL,0,0.0407957695425
DECSAPGAFCLIRPGLCCSEFCFFACF,0,7.80170885264e-05
EPTAEDSVVVKRSLGSAIRKAVPIAKK,0,0.00731231831014
GGLGRCIYNCMNSGGGLSFIQCKTMCY,0,8.10531491879e-05
GIGAVLKVLTTGLPALISWIKRKRQQG,0,0.78035145998
GIGGKILSGLKTALKGAAKELASTYLH,0,0.0485406704247
GIGTKILGGLKTAVKGALKELASTYVN,0,0.0183499138802
GLTFLSPADMQKIAERQSQNKLRHGNM,0,0.0267175193876
GSSFLSPEHQKLQRKEAKKPSGRLKPR,0,0.0248316545039
HADGIFTSVYSHLLAKLAVKRYLHSLI,0,0.0259555187076
HADGVFTSDYSRLLGQISAKKYLESLI,0,0.000560628599487
HSDGIFTDSYSRYRKQMAVKKYLAAVL,0,0.00478535005823
HSDGTFTSELSRLREGARLQRLLQGLV,0,0.00170471984893
ITFSKIYRSCKSDSDCGNQKCARGRCV,0,0.298225969076
MGKISSLPTQLFKICLCDFLKIKIHIM,0,0.260598957539
PCKKTGRKCFPHQKDCCGRACIITICP,0,0.0638998150826
QQEVARRYCGRHLAVTMADLCFGVQFD,0,0.00170578435063
RKFHEKHHSHREFPFYGDYGSNYLYDN,0,0.00334320566617
SCNNSCQSHSDCASHCICTFRGCGAVN,0,0.0118809817359
SSEVALAASDKGDEERELLNTLSNLLE,0,0.0207302346826
WCKQSGEMCNLLDQNCCDGYCIVLVCT,0,0.000152872555191
WDVNDCIHFCLIGVVGRSYTECHTMCT,0,0.00106827809941
ACVTHEDCTLLCYDTIGTCVDGKCKCM,1,0.00112422753591
DLPIARRKSLQRFLEKRKERLVSTSPY,1,0.0523633211851
ETCVSCVNFGNGFCGDNCGNSWACSGC,1,2.69651482085e-05
GAQEPAAFEPGRTRAPSLQVGGELGVG,1,0.00554343266413
GQQDLMINNPLSQDEGSLWNKFFQDKE,1,0.000116267263365
GSHMSQKEAIQPKDDKNTMTDSTILLE,1,4.4430984417e-05
GSSSCPQFPSCSPSCAPQCSQQCCQQP,1,0.00139347359072
KHYNDGERAVLQFGKNRSEPIILSYKD,1,0.0718573406339
KRFWPLVPVAINTVAAGINLYKAIRRK,1,0.219234362245
MDREMAASAGGAVFVGLVLLTLSPHYK,1,0.00488652708009
NLSVYNVQATNIPPKETLVYTKQTQTT,1,0.00851188693196
QPQSHSIELDEVSKEAASTRAALTSNL,1,0.0155387064442
RIGRNEPCPCGSGKKYKHCHGSRVARQ,1,0.197831526399
SAISCGETCFKFKCYTPRCSCSYPVCK,1,0.229393228889
SKYRKKHKSEFQLLVDQARKGYKKIAG,1,0.0632023438811
VRVIPRLDTLILVKAMGHRKRFGNPFR,1,0.397977262735
GALFLAFLAAALSLMGLWSQPKKKRKV,2,0.993139922619
GDVYADAAPDLFDFLDSSVTTARTINA,2,0.00148355995771
GWTLNSAGYLLGKINLKALAALAKKIL,2,0.995141208172
KLIKGRTPIKFGKADCDRPPKHSQNGM,2,0.977284908295
MACLWSFSWPSCFLSLLLLLLQLSCSYA,-1,3.92414023054e-07
MARALGTVEAPWLLGLCCSLAIAHPLSL,-1,0.00878888648003
MASLLSSSLPSCLPSLLFLLLQLTSSSA,-1,2.20276410801e-06
MESKALLLLALSVCLQSLTVSRGGLVAA,-1,4.32343258581e-05
MHSKVTIICIRFLFWFLLLCMLIGKSHT,-1,1.66100799106e-05
MLASSSRIRAAWTRALLLPLLLAGPVGC,-1,0.0001473401353
MLRRRGSPGMGVHVGAALGALWFCLTGA,-1,0.168723642826
MPASRLVPLGAVLLLGLLLLLELPPVTG,-1,1.90285918507e-05
MQLTLTLSGSSMQLLLLVSNLLLWENMA,-1,5.263562457e-07
MRPEDRMFHIRAVILRALSLAFLLSLRG,-1,0.140364468098
MVAVRRPWPVMVAMLLVLLACLGALVDA,-1,2.42398164119e-05
MVPRRPASLEVTVACIWLLTVILGFCVS,-1,0.00036209274549
MYSFNTLRFYLWETIVFFSLAASKEADA,-1,0.00952954310924
ADVPGNYPLDSYGNCYPCTILGDNQYCI,0,0.000102925470856
ALWKSLLKNVGVAAGKAALNAVTDMVNQ,0,0.0298162326217
CFRKDLHKTETYLRVMKCRRFGEASCAF,0,0.101903177798
CTPPGGSCGGHAHCCSKSCNIMASTCND,0,0.019223773852
DMVTTTRIEYRGLAGRCQHHPRNCPGFN,0,0.0426442958415
GCIEIGGDCDGYQEKSYCQCCRNNGFCS,0,0.000304088083794
GIMDTVKNVAKNLAGQLLDKLKCKITAC,0,0.027751436457
GLMDTVKNVAKNLAGHMLDKLKCKITGC,0,0.0202748905867
GSSFLSPEHQKAQQRKESKKPPAKLQPR,0,0.00417282199487
GSSFLSPEHQRVQQRKESKKPPAKLQPR,0,0.00440656067804
HSDAVFTDNYSRYRKQMAAKKYLNSVLA,0,0.0208282899112
KDGYLMEYGGCKMSCLMKKGTGCAEECT,0,5.92159594817e-05
MCCEKEHGKMVVRFREGEVPKDIPGESN,0,2.93243410852e-05
MQKLQIFVYIYLFMLLVAGPVDLNENSE,0,0.000125443621073
QQPQAVHTYCGRHLARTLADLCWEAGVD,0,0.00184888520744
QQPQRVHTYCGRHLARTLADLCWEAGVD,0,0.00682696839795
RPGPPGLQGRLQRLLQANGNHAAGILTM,0,0.0937132462859
SANSNPALAPRERKAGCKNFFWKTFTSC,0,0.0165633056313
SIGAKILGGVKTFFKGALKELASTYLQQ,0,0.0220710057765
SPLQEAEDNSSLETTDPLLEDLMGVSNV,0,5.71726523049e-05
SVESSNHLPARERKAGCKNFYWKGFTSC,0,0.00329876132309
TQIVTTEIKDKIEKAVEAVAQESGVSGR,0,0.00339405448176
VGCEECPMHCKGKNAKPTCDDGVCNCNV,0,0.00457012979314
WLAGLVFVSEADPVGTGEAKCPLMVKVL,0,0.00434007216245
YADPNADPMAFLYRLIQIEARKLAGCSD,0,0.0100558018312
AIIRILQQLLFIHFRIGCRHSRIGVTRQ,1,0.940146386623
AQNPCSLQQPGCSSACAPACRLSCCSLG,1,0.00255250744522
DRKGGSYSQAAGSDSAQGSDVSLTACKV,1,0.00505802081898
FFCPFGCALVDCGPNRPCRDTGFMSCDC,1,0.000976191193331
GSDRFVKGTCPKCKSPDQYGDNCEVCGA,1,0.0131661221385
ICTNAACKCANGCKCGSGCSCTEGNCAC,1,0.0144156748429
KKKELDKWASLWNWFDITNWLWYIRKKK,1,0.590072512627
MFVWTNVEPRSVAVFPWHSLVPFLAPSQ,1,0.00899488851428
NPYNIVPQGRIVSLTNAQNRERLQLLEE,1,0.000515326333698
QKLVFFAEDVGSNKGAIIGLMVGGVVIA,1,1.99754849746e-05
RNSFYMGTCQDEPEQLDDWNRIAELQQR,1,0.00036606323556
SGNYVLDLIYSLHKQINRGLKKIVLGWA,1,0.0374623499811
SWMEEVIKLCGRELVRAQIAICGMSTWS,1,0.00106727436651
WSADERQRMLVQRKDELLQQARKRFLNK,1,0.0214532092214
HALAHKLKHLLHRLRHLLHRHLRHALAH,2,0.99590831995
MANLGYWLLALFVTMWTDVGLCKKRPKP,2,0.834803104401
MALKVLLEQEKTFFTLLVLLGYLSCKVTC,-1,7.75649896241e-05
MAVAYYCLSLFLLSTWVALLLQPLQGAWG,-1,6.30612657915e-06
MERAAPSRRVPLPLLLLGGLALLAAGVDA,-1,0.000712985813152
MGPERTGAAPLPLLLVLALSQGILNCCLA,-1,1.11231865958e-05
MISLPGPLVTNLLRFLFLGLSALAPPSRA,-1,0.00176416046452
MMVLQVSAAPRTVALTALLMVLLTSVVQG,-1,1.25319581912e-06
MPPSGLRLLLLLLPLLWLLVLTPGRPAAG,-1,5.57499276965e-07
MRAPGRPALRPLPLPPLLLLLLAAPWGRA,-1,0.0606806464493
MVCLCFLGGSWMTALMLILMVLNPPFAWA,-1,1.32074887915e-07
MVCLKLPGGSCMTALTVTLMVLSSPLALS,-1,0.000773084524553
MVRPKHQPGGLCLLLLLLCQFMEDRSAQA,-1,9.15705677471e-05
AAYNALPQLPQRDRKAPCKNFFWKTFTSC,0,0.147565931082
ALWKNMLKGIGKLAGQAALGAVKTLVGAE,0,0.0293319169432
CFSFAEQEIPLRAILCYRNTSSICSNEGL,0,0.0064827632159
CYCRIPACIAGERRYGTCIYQGRLWAFCC,0,0.00081548030721
DSWMDEVIKLCGRELVRAQIAICGMSTWS,0,0.0124551141635
EALGDGCFGQRIDRICNVSGMGCNHVRTD,0,0.00819330103695
FSQAQGKVDMPLPRQRTSSRSSERWAPKS,0,0.267942845821
GIFDKLKNFAKGVAQSLLNKASCKLSGQC,0,0.0195730496198
GLWSKIKTAGKSVAKAAAKAAVKAVTNAV,0,0.436568289995
GWTLNSAGYLLGPHAIDNHRSFHDKYGLA,0,0.0725256577134
GWTLNSAGYLLGPHAVDNHRSFNDKHGFT,0,0.0314114689827
HFVSVIVALEKLKKISLPCSQPLQEDDLK,0,0.00336038949899
HSEGTFSNDYSKYLETRRAQDFVQWLMNS,0,0.00196321681142
HSEGTFTSDYSKYMDNRRAKDFVQWLMST,0,0.00333005469292
HSQGTFTNDYTKYQDSRRAQDFVQWLMSN,0,0.0160803087056
HSQGTFTSDYSKYLDSRRAQDFVQWLMNT,0,0.00944730918854
KDGYLVGTDGCKYGCFTRPGHFCANEECL,0,0.000160580078955
LRDGVFDECCLKSCTMDEVLRYCAAKPRT,0,0.00724865915254
MMRDSGCFGRRIDRIGSLSGMGCNGSRKN,0,0.0307141765952
NDGWLIADPNKQCSKEDGGGWWYNRCHSF,0,0.000303455977701
PCLHLVAFLLFGAHQHLLLRSRIPLKQDS,0,0.350756913424
QSEGTFSNYYSKYQEERMARDFLHWLMNS,0,0.00174658338074
SKAMSGCFGARMDRIGTSSGLGCSPKRRS,0,0.0462691038847
SSADTLISDLLIGETESRPQTRYEDHLAW,0,0.00169183767866
VAPAQHLCGSHLVDALYLVCGDRGFFYNP,0,0.00127101573162
VSCEDCPDHCSTQKARAKCDNDKCVCEPI,0,0.00444308435544
WYKPAAGSHHYSVGRAAGLLSSFHRFPST,0,0.0139300450683
YCQKWMWTCDSKRACCEGLRCKLWCRKII,0,0.185162186623
YGGFLRRQFKVVTRSQEDPNAYSEEFFDV,0,0.00085336813936
YGGFMKPYTQQSHKPLITLLKHVTLKNEQ,0,0.0169969219714
YVSQRLCGSQLVDTLYSVCRHRGFYRPND,0,0.0333027876914
AQQRKVIRCWACGKEGHSARQCRAPRRQG,1,0.166257530451
CGETCVGGTCNTPGCTCSWPVCGHFRWGV,1,0.0706073120236
GCKLTFWKCKNKKECCGWNACALGICMPR,1,0.293944656849
GRGALLDQIRQGIQLNKTPGAPESSALQP,1,0.00849072355777
HILYACDSCGDKFLDANSLAQHVRIHTAQ,1,0.0421310700476
KDIGAGPVASCFTTRMSPPQQICLNSVVN,1,0.012381750159
KQDTASKMKLLKKKIEEQREILQKTHHKN,1,0.0223622098565
MWDSSYMQQVSEGLMTGKVPIDQVFGANP,1,0.00031578168273
RKCNFLCKLKEKLRTVITSHIDKVLRPQG,1,0.155036196113
RWFYFNRITGKRQFERPKGLVKGWEKRWD,1,0.189914926887
SSAQSTSKTSVTLSLVMPSQGLEHHHHHH,1,0.0387016497552
AAVALLPAVLLALLAPRKKRRQRRRPPQC,2,0.99891525507
MAPQRDTVGGRTTPPSWGPAKAQLRNSCA,2,0.142817050219
MAAACGPGAAGYCLLLGLHLFLLTAGPALG,-1,1.2152603631e-05
MAGSRQRGLRARVRPLFCALLLSLGRFVRG,-1,0.0313608013093
MDNRGSSQKGSLLLLLLLVSNLFLCKSVAS,-1,1.036449612e-05
MGRAGGGGPGWGPPPVLLLLGVTLVLTAGA,-1,0.00010282164294
MKRMVSWSFHKLKTMKHLLLLLLCVFLVKS,-1,0.0293225701898
MQLPLTPLSFSGTLLLMAMSNFLLWEHVTS,-1,2.91429387289e-06
MYEAGKRASFMGGAGIWILALSVLMHVVCS,-1,0.000249250646448
AATQHLCGSHLVEALYLVCGERGFFYSPKA,0,4.90991515107e-05
ACYCRIPACLAGERRYGTCFYLRRVWAFCC,0,0.00309868622571
ALWKNMLKGIGKLAGKAALGAVKKLVGAES,0,0.0117341829464
APPGARPPPGPPPPPPGPSPPRPPPGPPPQ,0,0.0885477587581
AVNQHLCGSHLVEALYLVCGERGFFYQPKA,0,2.19717858272e-05
DASIRLCGSRLTTTLLAVCRNQLCTGLTAF,0,0.00132419087458
DDCGKLFSGCDTNADCCEGYVCRLWCKLDW,0,0.00210337806493
DMYEVATTRIGTGGLAGRCQHHPRNCPGFN,0,0.0161217171699
FVKQHLCGPHLVEALYLVCGERGFFYTPKS,0,8.18267653813e-05
FVNQHLCGSHLVEALYLVCGERGFFYTPKF,0,1.07320784082e-05
GCCGKYPNAACHPCGCTVGRPPYCDRPSGG,0,0.0183339677751
GILTDTLKGAAKNVAGVLLDKLKCKITGGC,0,0.0293712839484
GTPQHLCGSHLVDALYLVCGPTGFFYNPKR,0,0.000333487201715
GWTLNSAGYLLGPHAVGNHRSFSDKNGLTS,0,0.00537925586104
HAEGTYTSDVSSYLQDQAAKEFVSWLKTGR,0,0.000295960606309
HSLQDTEEKSRSFPASQTDPLEDPDQINED,0,4.31814223703e-05
LANQHLCGSHLVEALYLVCGDRGFFYYPKI,0,5.07678378199e-05
LVNQHLCGSHLVEALYLVCGDRGFFYYPKV,0,5.25317482243e-05
MNYLVFFSLALLVMTGRTVTREKRKDMMDL,0,0.123491935432
MYKIQLLSCIALTLALVANGAPTSSSTGNT,0,0.000399513519369
NPMYNAVSNADLMDFKNLLDHLEEKMPLED,0,0.000640072743408
QEAPEKLCGHHFVRALVRLCGGPRWSPEDG,0,0.000564165180549
RCDEEGTGCSSDSECCSGRCTPEGLFEFCE,0,2.19440607907e-06
RSLQDTEEKSRSFSAPQTEPLNDLDQMNED,0,0.000128888248582
SCGHSGAGCYTRPCCPGLHCSGGHAGGLCV,0,0.0207474511117
SNPETMVSDVWWRESTENIPRSRFEDPSMW,0,0.000822288449854
SSPETLISDLLMRESTENAPRTRLEDPSMW,0,0.00301877339371
TMCYSHTTTSRAILTNCGENSCYRKSRVHP,0,0.354005455971
VAPPQHLCGSHLVDALYLVCGDRGFFYNPK,0,0.00123724271543
VTMVKAGFMAGFGCPLFQGPCDTHWKGMGR,0,0.00394080067053
YCQKWMWTCDSERKCCEGMVCRLWCKKKLW,0,0.0199136398733
YGGFMKSWNERSQKPLLTLFKNVIIKDGQQ,0,0.000371076253941
AFAADAGKEVAADVVIGPVLLSADHHHHHH,1,0.00412524025887
DDPHRLLQQLVLSGNLIKEAVRRLHSRRLQ,1,0.0675937607884
ETDESVLMRRQKQINYGKNTIAYDRYIKEV,1,0.00075168517651
FVNQHLCGSHLVEALYLVCGERGFFYTPKT,1,2.15168493014e-05
GPHMGSQYLFLPPNRYIFHGAEVYSDSEDV,1,0.000596349767875
GSKAGDLLFIEKVPVVVLEDILATKPSIAS,1,0.000178821021109
GSWTEHKSPDGRTYYYNTETKQSTWEKPDD,1,0.000436375266872
INLPSLFVPLVGLLFPAVAMASLFLHVEKR,1,0.00135296874214
LKEKKKRTVAEEDQLHLDGQENKRRRHDSS,1,0.0112445019186
MKTILRFVAGYDIASHKKKTGGYPWERGKA,1,0.144121676683
MVKSKIGSWILVLFVAMWSDVGLCKKRPKP,1,0.748324215412
PFPPTPPGEEAPVEDLIRFYNDLQQYLNVV,1,0.000689576787408
SCNNSCQSHSDCASHCICTFRGCGAVNGLP,1,0.00474502472207
TVFTSWEEYLDWVGSGDLMPWNLVRIGLLR,1,0.00102720072027
YAEGTFISDYSIAMDKIHQQDFVNWLLAQK,1,0.00232963846065
GWTLNSAGYLLGPHAVGNHRSFSDKNGLTS,2,0.00537925586104
WEAALAEALAEALAEHLAEALAEALEALAA,2,0.00188397895545
